Participant ID,Video file,Gloss,ASL-LEX Code
P1,7448818785190525-CAPTURE.mp4,CAPTURE,H_03_048
P1,48967843716521897-FAIL.mp4,FAIL,H_01_077
P1,6742655874522336-COMMUNITY.mp4,COMMUNITY,J_01_015
P1,5837296033724944-LEND.mp4,LEND,J_01_088
P1,4409418046134761-PERCEIVE.mp4,PERCEIVE,J_02_063
P40,2746482938137922-CAPTURE.mp4,CAPTURE,H_03_048
P40,3810108088744719-FAIL.mp4,FAIL,H_01_077
P40,4709219515950245-COMMUNITY.mp4,COMMUNITY,J_01_015
P40,5224289762112848-LEND.mp4,LEND,J_01_088
P40,6619748121410192-PERCEIVE.mp4,PERCEIVE,J_02_063
P40,784442858510149-PILLOW 2.mp4,PILLOW2,K_01_097
P40,9665726169641298-SNOW 2.mp4,SNOW2,K_03_081
P40,8848744369087989-NEED.mp4,NEED,C_02_034
P40,3844148444722406-FULL.mp4,FULL,D_02_048
P40,24974615015650947-CRAZY.mp4,CRAZY,D_03_040
P40,15583842324081232-ON.mp4,ON,E_03_004
P40,4001283150525985-SWIM.mp4,SWIM1,E_03_053
P40,9067099373014491-CHOKE.mp4,CHOKE,G_01_079
P40,8489493921828779-TENDENCY.mp4,TENDENCY,G_03_089
P40,1831854761854499-SCOUT.mp4,SCOUT,H_02_099
P40,1929313766049765-SWEAT.mp4,SWEAT,H_02_051
P40,7567609756042657-BLANK.mp4,BLANK,H_02_006
P40,8268688092359788-PHILADELPHIA.mp4,PHILADELPHIA,H_02_023
P40,16198513665292458-SHOOT.mp4,SHOOT1,J_01_024
P40,8007270485753197-ITCH.mp4,ITCH,J_01_068
P40,35882678095860654-TABLET.mp4,TABLET,K_02_126
P43,941566774478487-CAPTURE.mp4,CAPTURE,H_03_048
P43,6566958242484378-FAIL.mp4,FAIL,H_01_077
P43,674029804447982-COMMUNITY.mp4,COMMUNITY,J_01_015
P43,07723427108584646-LEND.mp4,LEND,J_01_088
P43,701606421745-PERCEIVE.mp4,PERCEIVE,J_02_063
P40,44417424079446066-CORKSCREW 2.mp4,CORKSCREW1,K_01_085
P43,4345786149184214-PILLOW 2.mp4,PILLOW2,K_01_097
P43,15365556773972355-SNOW 2.mp4,SNOW2,K_03_081
P43,2957896307414234-NEED.mp4,NEED,C_02_034
P40,2200241167783541-SCAN.mp4,SCAN,C_03_039
P40,6016017574074628-CORKSCREW.mp4,CORKSCREW2,D_01_053
P40,9406031669184307-DROWN.mp4,DROWN3,D_01_017
P40,775934637445302-LESS.mp4,LESS,E_02_043
P40,7102622774546783-BELT.mp4,BELT1,A_03_036
P40,6942834524009942-BEE.mp4,BEE1,J_02_101
P40,2675784755145161-BEG.mp4,BEG,F_02_037
P40,1428817670957705-RACE.mp4,RACE,F_02_075
P40,3167272995281376-DREADLOCKS.mp4,DREADLOCKS,G_02_069
P40,0987109376030939-WHILE.mp4,WHILE,H_02_032
P40,8157226262677291-ICE.mp4,ICE,G_03_020
P40,6168617236410376-ADMIRE.mp4,ADMIRE,J_03_049
P40,9010210856271526-DOLPHIN 3.mp4,DOLPHIN3,K_03_032
P40,540482559592623-INDIAN.mp4,INDIAN,C_03_009
P40,8078640148398311-RIGHT 3.mp4,RIGHT3,J_03_095
P40,28101867995395424-DEFLATE.mp4,DEFLATE,E_01_079
P40,719663891242261-ZOO.mp4,ZOO,E_03_042
P40,4212883330952435-GUIDE.mp4,GUIDE,E_03_057
P40,7187148068265468-CRACK.mp4,CRACK,F_03_067
P40,48046366607913615-DINNER.mp4,DINNER1,G_03_044
P40,9434171694753406-DINNER.mp4,DINNER1,G_03_044
P40,22320028821783255-SWEETHEART.mp4,SWEETHEART,H_02_005
P40,3627722053707323-IMAGINE 2.mp4,IMAGINE2,K_03_020
P40,8474387397013008-YELLOW.mp4,YELLOW,D_01_020
P40,40742409105706634-GRIEVE.mp4,GRIEVE,E_03_100
P40,0977317810637004-POPE.mp4,POPE,G_02_077
P40,1555998439795525-YES.mp4,YES,G_03_074
P40,3672302132590213-COMFORTABLE.mp4,COMFORTABLE,H_03_058
P43,8714753756036604-FULL.mp4,FULL,D_02_048
P43,0584701229879534-CRAZY.mp4,CRAZY,D_03_040
P43,31744389017970853-ON.mp4,ON,E_03_004
P43,35459291699874007-SWIM.mp4,SWIM1,E_03_053
P43,9518788543070462-CHOKE.mp4,CHOKE,G_01_079
P43,4311341186723825-TENDENCY.mp4,TENDENCY,G_03_089
P43,08591405055935786-SCOUT.mp4,SCOUT,H_02_099
P43,8766748443830488-SWEAT.mp4,SWEAT,H_02_051
P43,9540204217678343-BLANK.mp4,BLANK,H_02_006
P43,653636541848009-PHILADELPHIA.mp4,PHILADELPHIA,H_02_023
P43,14057165479000888-SHOOT.mp4,SHOOT1,J_01_024
P43,6008676750919044-ITCH.mp4,ITCH,J_01_068
P43,05135848174171964-TABLET.mp4,TABLET,K_02_126
P43,9832833080634806-CHEW 3.mp4,CHEW3,K_02_041
P43,6602291619988045-SCAN.mp4,SCAN,C_03_039
P43,16612479365259758-DROWN.mp4,DROWN3,D_01_017
P43,8308388879493478-LESS.mp4,LESS,E_02_043
P43,7844446995930539-BELT.mp4,BELT1,A_03_036
P40,5299221730600594-WRONG.mp4,WRONG,B_01_055
P40,6770231047986157-LOBSTER.mp4,LOBSTER1,D_01_072
P40,8543060643832148-BAR.mp4,BAR,A_03_072
P40,19521031384072152-CUTE.mp4,CUTE1,C_01_045
P40,8701465924878977-COLD.mp4,COLD,C_02_068
P40,281609393133206-TRANSLATE.mp4,TRANSLATE,D_01_080
P40,35323844280846073-CHEAP.mp4,CHEAP,F_02_056
P40,833173972266462-BANDAGE.mp4,BANDAGE,F_03_020
P40,38648445722197544-BEE.mp4,BEE1,J_02_101
P40,4197770326170689-BEFORE.mp4,BEFORE,G_02_053
P40,9904426776388293-SPAIN.mp4,SPAIN,G_01_094
P40,16092506068740264-ASIA.mp4,ASIA,A_01_078
P40,2738396373363212-COCONUT.mp4,COCONUT,A_02_088
P40,7815623606455033-PILL.mp4,PILL,B_01_050
P40,3624106996012926-MOTHER.mp4,MOTHER,B_02_008
P40,48236686990960176-BELT.mp4,BELT1,A_03_036
P40,7965200255372531-SAME 2.mp4,SAME2,B_02_013
P40,48475995475739264-MUSEUM.mp4,MUSEUM,C_01_024
P40,9573622632976893-PICTURE.mp4,PICTURE,A_02_042
P40,44134505287710146-FIGHT.mp4,FIGHT,B_03_058
P40,14101308092553433-EXERCISE.mp4,EXERCISE,C_01_084
P40,20793646354549122-LATE.mp4,LATE,C_01_013
P40,03573698951729942-PINK.mp4,PINK,C_01_074
P40,8385294089384643-MORE.mp4,MORE,B_03_032
P40,5077021847929053-RUDE.mp4,RUDE,B_01_026
P40,708344422708781-GREEN.mp4,GREEN,B_02_085
P40,7386589105806138-FRAUD.mp4,FRAUD,D_02_070
P40,27581478162959505-TOAST.mp4,TOAST,D_02_080
P40,35633904976868225-SCULPTURE.mp4,SCULPTURE,E_03_045
P40,9615228922585775-FLUTE.mp4,FLUTE,E_02_036
P40,4606365927850007-MICROWAVE.mp4,MICROWAVE,A_02_043
P40,17230651368029348-BALLOON.mp4,BALLOON,A_02_086
P40,9716465247115522-SOCKS.mp4,SOCKS,A_03_033
P40,6513652887067045-PEACH.mp4,PEACH1,A_01_070
P40,062431923956741686-BRA.mp4,BRA1,A_03_028
P40,0674445874954106-SOAP.mp4,SOAP1,A_01_084
P40,9964081105279532-DEVIL.mp4,DEVIL,A_01_079
P40,6985976249674386-INSULT.mp4,INSULT,A_03_006
P40,26739488577485493-BOOK.mp4,BOOK,A_01_027
P14,1896789044387548-CORKSCREW 2.mp4,CORKSCREW1,K_01_085
P14,44410603160338313-CORKSCREW.mp4,CORKSCREW2,D_01_053
P14,5099815025891361-BEE.mp4,BEE1,J_02_101
P14,36330995878356886-BEG.mp4,BEG,F_02_037
P14,6538201011065929-RACE.mp4,RACE,F_02_075
P43,2751615738895319-BEE.mp4,BEE1,J_02_101
P43,3058087615132905-BEG.mp4,BEG,F_02_037
P43,1762649889596446-RACE.mp4,RACE,F_02_075
P14,33051059919264913-DREADLOCKS.mp4,DREADLOCKS,G_02_069
P14,5937042130861179-WHILE.mp4,WHILE,H_02_032
P14,7559153420998372-ICE.mp4,ICE,G_03_020
P14,7212435771441805-ADMIRE.mp4,ADMIRE,J_03_049
P14,8879360880306122-DOLPHIN 3.mp4,DOLPHIN3,K_03_032
P14,46405112793368786-INDIAN.mp4,INDIAN,C_03_009
P14,18007007901388916-RIGHT 3.mp4,RIGHT3,J_03_095
P14,8833913272396907-DEFLATE.mp4,DEFLATE,E_01_079
P14,5122392240249911-ZOO.mp4,ZOO,E_03_042
P14,5948047953091902-GUIDE.mp4,GUIDE,E_03_057
P40,8581926682250871-RIGHT 3.mp4,RIGHT3,J_03_095
P40,9370332241731203-DEFLATE.mp4,DEFLATE,E_01_079
P40,6263501878156112-ZOO.mp4,ZOO,E_03_042
P40,14205247816461464-GUIDE.mp4,GUIDE,E_03_057
P40,011368989166634424-CRACK.mp4,CRACK,F_03_067
P40,6584846911041882-DINNER.mp4,DINNER1,G_03_044
P40,18123549863499044-DINNER.mp4,DINNER1,G_03_044
P40,6528603518178866-SWEETHEART.mp4,SWEETHEART,H_02_005
P40,42181711204099215-IMAGINE 2.mp4,IMAGINE2,K_03_020
P40,1327334508655844-YELLOW.mp4,YELLOW,D_01_020
P40,32923216310085124-GRIEVE.mp4,GRIEVE,E_03_100
P37,7112889524448784-CRACK.mp4,CRACK,F_03_067
P37,7262160429010622-DINNER.mp4,DINNER1,G_03_044
P37,5128050702012583-DINNER.mp4,DINNER1,G_03_044
P37,7423737138620008-SWEETHEART.mp4,SWEETHEART,H_02_005
P37,26904268469359405-IMAGINE 2.mp4,IMAGINE2,K_03_020
P37,16891526354177877-YELLOW.mp4,YELLOW,D_01_020
P37,6488547387984585-GRIEVE.mp4,GRIEVE,E_03_100
P37,5412431404810503-COCAINE.mp4,COCAINE,F_03_044
P37,7285829599567224-POPE.mp4,POPE,G_02_077
P37,46741096704682805-WHEELBARROW.mp4,WHEELBARROW,F_03_070
P37,44146024789241256-YES.mp4,YES,G_03_074
P37,6082465211725654-COMFORTABLE.mp4,COMFORTABLE,H_03_058
P37,4817688414510197-WRONG.mp4,WRONG,B_01_055
P37,07848616735844827-BIRTH.mp4,BIRTH,C_02_076
P37,5588287843007933-LOBSTER.mp4,LOBSTER1,D_01_072
P37,36675204162669384-SKATEBOARDING.mp4,SKATEBOARDING1,C_02_052
P37,2804309818886517-BAR.mp4,BAR,A_03_072
P37,3181801115117937-CUTE.mp4,CUTE1,C_01_045
P37,05514004752578461-BREAKDOWN.mp4,BREAKDOWN2,B_01_064
P37,27259190630226193-COLD.mp4,COLD,C_02_068
P37,627120591953954-TRANSLATE.mp4,TRANSLATE,D_01_080
P37,3899081554876245-CHEAP.mp4,CHEAP,F_02_056
P37,8388965953662597-BANDAGE.mp4,BANDAGE,F_03_020
P37,5793822075348691-BEE.mp4,BEE1,J_02_101
P37,6389096337952789-WALLET.mp4,WALLET,F_01_081
P37,8871402726040725-BEFORE.mp4,BEFORE,G_02_053
P37,442322505844821-SPAIN.mp4,SPAIN,G_01_094
P37,5560852599310773-ASIA.mp4,ASIA,A_01_078
P37,9294921040852486-COCONUT.mp4,COCONUT,A_02_088
P37,5617542411329992-PILL.mp4,PILL,B_01_050
P37,9303557889829679-MOTHER.mp4,MOTHER,B_02_008
P37,1672237389327702-BELT.mp4,BELT1,A_03_036
P37,5784540598927743-SAME 2.mp4,SAME2,B_02_013
P37,636251084458257-MUSEUM.mp4,MUSEUM,C_01_024
P37,7859226941090447-PICTURE.mp4,PICTURE,A_02_042
P37,9400623795619096-FIGHT.mp4,FIGHT,B_03_058
P37,26878876808901797-EXERCISE.mp4,EXERCISE,C_01_084
P37,2068510003978008-LATE.mp4,LATE,C_01_013
P37,09734878070308994-PINK.mp4,PINK,C_01_074
P37,7168321371853796-MORE.mp4,MORE,B_03_032
P37,18350855416331324-RUDE.mp4,RUDE,B_01_026
P37,5086571279720689-GREEN.mp4,GREEN,B_02_085
P37,19811761553011809-FRAUD.mp4,FRAUD,D_02_070
P37,35107278642600726-TOAST.mp4,TOAST,D_02_080
P37,8680703864042612-SCULPTURE.mp4,SCULPTURE,E_03_045
P40,5559713915729214-FLUTE.mp4,FLUTE,E_02_036
P37,010907347756818675-FLUTE.mp4,FLUTE,E_02_036
P37,24505048175178268-CHEW 3.mp4,CHEW3,K_02_041
P37,4082533191196229-CARROT.mp4,CARROT1,A_02_083
P37,20032450550143444-CAPTURE.mp4,CAPTURE,H_03_048
P37,6883049879359076-FAIL.mp4,FAIL,H_01_077
P37,37122307744074234-COMMUNITY.mp4,COMMUNITY,J_01_015
P37,7751220536693411-LEND.mp4,LEND,J_01_088
P37,9763021221716723-PERCEIVE.mp4,PERCEIVE,J_02_063
P37,5215101687459205-PILLOW 2.mp4,PILLOW2,K_01_097
P37,9066154866501179-SNOW 2.mp4,SNOW2,K_03_081
P37,28071486967073533-NEED.mp4,NEED,C_02_034
P37,41580102050529777-FULL.mp4,FULL,D_02_048
P37,9460095198290615-CRAZY.mp4,CRAZY,D_03_040
P34,7827167414330105-SCAN.mp4,SCAN,C_03_039
P34,6988945904320409-BELT.mp4,BELT1,A_03_036
P34,1118915581338209-DREADLOCKS.mp4,DREADLOCKS,G_02_069
P34,9546356705024115-WHILE.mp4,WHILE,H_02_032
P34,9957174056735818-ICE.mp4,ICE,G_03_020
P34,6139945812958048-ADMIRE.mp4,ADMIRE,J_03_049
P34,2630963248904703-DOLPHIN 3.mp4,DOLPHIN3,K_03_032
P34,24241700666800425-INDIAN.mp4,INDIAN,C_03_009
P34,48163228425300186-COCAINE.mp4,COCAINE,F_03_044
P34,17085200317864246-POPE.mp4,POPE,G_02_077
P34,015839645482846665-WHEELBARROW.mp4,WHEELBARROW,F_03_070
P34,16728596536749274-YES.mp4,YES,G_03_074
P34,005110659350805458-COMFORTABLE.mp4,COMFORTABLE,H_03_058
P7,4266139565423861-BREAKDOWN.mp4,BREAKDOWN2,B_01_064
P7,7521132738037328-WALLET.mp4,WALLET,F_01_081
P7,7690605170282583-SPAIN.mp4,SPAIN,G_01_094
P7,6588062559231365-MICROWAVE.mp4,MICROWAVE,A_02_043
P7,15990358086091327-BALLOON.mp4,BALLOON,A_02_086
P7,22976757735306408-SOCKS.mp4,SOCKS,A_03_033
P7,5232960624626726-SOAP.mp4,SOAP1,A_01_084
P7,08885649139999807-DEVIL.mp4,DEVIL,A_01_079
P7,6880776885187223-INSULT.mp4,INSULT,A_03_006
P7,8093798343741647-BOOK.mp4,BOOK,A_01_027
P7,9041733892531738-CARROT.mp4,CARROT1,A_02_083
P7,2940448031146663-ASIA.mp4,ASIA,A_01_078
P7,5895427960552089-COCONUT.mp4,COCONUT,A_02_088
P7,3370398042257312-PILL.mp4,PILL,B_01_050
P7,594799660772781-MOTHER.mp4,MOTHER,B_02_008
P7,8256868559091335-BELT.mp4,BELT1,A_03_036
P7,23561158608869026-SAME 2.mp4,SAME2,B_02_013
P7,3011212299932118-MUSEUM.mp4,MUSEUM,C_01_024
P7,4750726254760125-PICTURE.mp4,PICTURE,A_02_042
P7,06616941668447196-FIGHT.mp4,FIGHT,B_03_058
P7,8923694902299868-EXERCISE.mp4,EXERCISE,C_01_084
P7,37276555938048883-LATE.mp4,LATE,C_01_013
P7,9824579558010589-PINK.mp4,PINK,C_01_074
P7,19756865098292908-MORE.mp4,MORE,B_03_032
P7,7473823599047096-RUDE.mp4,RUDE,B_01_026
P7,2792895407119611-GREEN.mp4,GREEN,B_02_085
P37,6473053955656229-MICROWAVE.mp4,MICROWAVE,A_02_043
P37,8988434562787488-BALLOON.mp4,BALLOON,A_02_086
P37,7757384717963021-SOCKS.mp4,SOCKS,A_03_033
P37,25122941989560554-PEACH.mp4,PEACH1,A_01_070
P37,33992984587019826-BRA.mp4,BRA1,A_03_028
P37,7267730948538869-SOAP.mp4,SOAP1,A_01_084
P37,481983048936085-DEVIL.mp4,DEVIL,A_01_079
P37,3902956241581408-INSULT.mp4,INSULT,A_03_006
P37,8258920636382685-BOOK.mp4,BOOK,A_01_027
P37,9561894675300409-ON.mp4,ON,E_03_004
P37,2792554023004974-SWIM.mp4,SWIM1,E_03_053
P37,712408758905182-CORKSCREW 2.mp4,CORKSCREW1,K_01_085
P37,842914541696872-SCAN.mp4,SCAN,C_03_039
P37,40032734942824355-CORKSCREW.mp4,CORKSCREW2,D_01_053
P37,8222712345940699-DROWN.mp4,DROWN3,D_01_017
P51,7823324600435388-BREAKDOWN.mp4,BREAKDOWN2,B_01_064
P51,20906115400025982-WALLET.mp4,WALLET,F_01_081
P51,7719630393586281-SPAIN.mp4,SPAIN,G_01_094
P51,7923881015137861-MICROWAVE.mp4,MICROWAVE,A_02_043
P51,739657249315989-BALLOON.mp4,BALLOON,A_02_086
P51,6048978282251427-SOCKS.mp4,SOCKS,A_03_033
P51,8652435202754121-PEACH.mp4,PEACH1,A_01_070
P51,3422484648437647-BRA.mp4,BRA1,A_03_028
P51,12111881657808277-SOAP.mp4,SOAP1,A_01_084
P51,9511457426269809-DEVIL.mp4,DEVIL,A_01_079
P51,4759027370536806-INSULT.mp4,INSULT,A_03_006
P51,9654484282818483-BOOK.mp4,BOOK,A_01_027
P51,3003855053500777-CARROT.mp4,CARROT1,A_02_083
P51,37495985182884195-ASIA.mp4,ASIA,A_01_078
P51,23506680210136688-COCONUT.mp4,COCONUT,A_02_088
P51,2179745014793646-PILL.mp4,PILL,B_01_050
P7,06202014640677733-FRAUD.mp4,FRAUD,D_02_070
P7,6827072101730485-TOAST.mp4,TOAST,D_02_080
P7,16043272602789105-SCULPTURE.mp4,SCULPTURE,E_03_045
P7,035985051585080585-CHEW 3.mp4,CHEW3,K_02_041
P7,3030821494024927-RIGHT 3.mp4,RIGHT3,J_03_095
P7,49174727309310606-DEFLATE.mp4,DEFLATE,E_01_079
P7,20964552547821436-ZOO.mp4,ZOO,E_03_042
P7,2651671700794871-GUIDE.mp4,GUIDE,E_03_057
P37,9488251486087673-RIGHT 3.mp4,RIGHT3,J_03_095
P37,11531393748401797-DEFLATE.mp4,DEFLATE,E_01_079
P37,14134094902937777-ZOO.mp4,ZOO,E_03_042
P37,3442773057452604-GUIDE.mp4,GUIDE,E_03_057
P37,9588306490030005-CHOKE.mp4,CHOKE,G_01_079
P37,17477693126707994-TENDENCY.mp4,TENDENCY,G_03_089
P37,5206812702867292-SCOUT.mp4,SCOUT,H_02_099
P37,9454609991773371-SWEAT.mp4,SWEAT,H_02_051
P37,4276424090063682-BLANK.mp4,BLANK,H_02_006
P37,1522156808954931-PHILADELPHIA.mp4,PHILADELPHIA,H_02_023
P37,04199108922094541-SHOOT.mp4,SHOOT1,J_01_024
P37,6181211052767979-ITCH.mp4,ITCH,J_01_068
P43,029798118124713113-DINNER.mp4,DINNER1,G_03_044
P43,6676304088782101-DINNER.mp4,DINNER1,G_03_044
P43,07485894875298671-SWEETHEART.mp4,SWEETHEART,H_02_005
P37,42739744880574526-TABLET.mp4,TABLET,K_02_126
P37,44924622999479924-LESS.mp4,LESS,E_02_043
P37,23609909148559982-BELT.mp4,BELT1,A_03_036
P37,8528595356812567-BEE.mp4,BEE1,J_02_101
P37,46016881122859155-BEG.mp4,BEG,F_02_037
P37,4351685024344545-RACE.mp4,RACE,F_02_075
P37,05579121402544551-DREADLOCKS.mp4,DREADLOCKS,G_02_069
P37,08204827709990226-WHILE.mp4,WHILE,H_02_032
P37,7313058709884386-ICE.mp4,ICE,G_03_020
P37,4315242002980968-ADMIRE.mp4,ADMIRE,J_03_049
P37,7767427270543155-DOLPHIN 3.mp4,DOLPHIN3,K_03_032
P37,20554462429668785-INDIAN.mp4,INDIAN,C_03_009
P37,21715460368180683-IMAGINE 2.mp4,IMAGINE2,K_03_020
P37,29077777219840395-YELLOW.mp4,YELLOW,D_01_020
P37,29498949143678943-GRIEVE.mp4,GRIEVE,E_03_100
P37,7360270132278119-COCAINE.mp4,COCAINE,F_03_044
P37,9068561064728025-POPE.mp4,POPE,G_02_077
P37,15716134362917877-WHEELBARROW.mp4,WHEELBARROW,F_03_070
P37,8699610978899361-YES.mp4,YES,G_03_074
P37,50395653294325-COMFORTABLE.mp4,COMFORTABLE,H_03_058
P14,872386677078079-IMAGINE 2.mp4,IMAGINE2,K_03_020
P14,7116888865286974-YELLOW.mp4,YELLOW,D_01_020
P14,829399909769797-GRIEVE.mp4,GRIEVE,E_03_100
P14,2198073496236459-COCAINE.mp4,COCAINE,F_03_044
P14,6404071637059208-POPE.mp4,POPE,G_02_077
P14,3087433874143408-WHEELBARROW.mp4,WHEELBARROW,F_03_070
P14,38970444942928073-YES.mp4,YES,G_03_074
P14,3241394334646146-BIRTH.mp4,BIRTH,C_02_076
P14,21130413911767243-SKATEBOARDING.mp4,SKATEBOARDING1,C_02_052
P14,05930518797435291-CUTE.mp4,CUTE1,C_01_045
P14,11466999035726255-COLD.mp4,COLD,C_02_068
P14,5570722321333652-TRANSLATE.mp4,TRANSLATE,D_01_080
P14,6280800071720887-CHEAP.mp4,CHEAP,F_02_056
P14,8646016845331055-BANDAGE.mp4,BANDAGE,F_03_020
P14,9518771111871103-BEFORE.mp4,BEFORE,G_02_053
P14,4543327958492289-FLUTE.mp4,FLUTE,E_02_036
P14,5811734969692766-PILLOW 2.mp4,PILLOW2,K_01_097
P14,0228250680719837-SNOW 2.mp4,SNOW2,K_03_081
P36,28006963001401086-BIRTH.mp4,BIRTH,C_02_076
P36,7428144244037036-SKATEBOARDING.mp4,SKATEBOARDING1,C_02_052
P36,350219388654909-FLUTE.mp4,FLUTE,E_02_036
P36,9691232105214442-PILLOW 2.mp4,PILLOW2,K_01_097
P36,5629018303180957-SNOW 2.mp4,SNOW2,K_03_081
P36,951965116580737-NEED.mp4,NEED,C_02_034
P36,8666343519706716-FULL.mp4,FULL,D_02_048
P36,7522433296801094-CRAZY.mp4,CRAZY,D_03_040
P7,12957545599384268-WRONG.mp4,WRONG,B_01_055
P7,684975984823532-LOBSTER.mp4,LOBSTER1,D_01_072
P7,563532553338089-BAR.mp4,BAR,A_03_072
P7,3905275197737772-BANDAGE.mp4,BANDAGE,F_03_020
P7,5538660697872733-PILLOW 2.mp4,PILLOW2,K_01_097
P7,25912961217901564-SNOW 2.mp4,SNOW2,K_03_081
P7,18742923887433083-ON.mp4,ON,E_03_004
P7,49062452640637466-SWIM.mp4,SWIM1,E_03_053
P7,4974105262742461-TABLET.mp4,TABLET,K_02_126
P7,3412638279964544-CORKSCREW 2.mp4,CORKSCREW1,K_01_085
P7,0491760638859573-CORKSCREW.mp4,CORKSCREW2,D_01_053
P7,46409535257182366-DROWN.mp4,DROWN3,D_01_017
P7,5607471755343187-LESS.mp4,LESS,E_02_043
P7,2766561198769144-BELT.mp4,BELT1,A_03_036
P7,2682450733634967-BEE.mp4,BEE1,J_02_101
P7,8607237303090016-BEG.mp4,BEG,F_02_037
P32,18345266216385014-BANDAGE.mp4,BANDAGE,F_03_020
P32,11711757232107178-BEE.mp4,BEE1,J_02_101
P32,6180980581851638-BEFORE.mp4,BEFORE,G_02_053
P36,8398312100057683-MORE.mp4,MORE,B_03_032
P36,5536934404229197-RUDE.mp4,RUDE,B_01_026
P36,30539347753669954-GREEN.mp4,GREEN,B_02_085
P41,6473611679417244-FRAUD.mp4,FRAUD,D_02_070
P2,4278679986788423-TOAST.mp4,TOAST,D_02_080
P2,05806002748902128-SCULPTURE.mp4,SCULPTURE,E_03_045
P2,43632096411966104-CAPTURE.mp4,CAPTURE,H_03_048
P2,46016543489860795-FAIL.mp4,FAIL,H_01_077
P2,8899772672702584-COMMUNITY.mp4,COMMUNITY,J_01_015
P2,23302415519785113-NEED.mp4,NEED,C_02_034
P2,544188443168095-ON.mp4,ON,E_03_004
P2,7592968079207139-SWIM.mp4,SWIM1,E_03_053
P16,36985717656820394-WHEELBARROW.mp4,WHEELBARROW,F_03_070
P16,5278317175247131-COMFORTABLE.mp4,COMFORTABLE,H_03_058
P16,35296233229843654-SKATEBOARDING.mp4,SKATEBOARDING1,C_02_052
P16,8140242137021829-BAR.mp4,BAR,A_03_072
P16,7888892050607954-CUTE.mp4,CUTE1,C_01_045
P16,7936761469172164-BREAKDOWN.mp4,BREAKDOWN2,B_01_064
P16,6864880477398156-COLD.mp4,COLD,C_02_068
P16,8848324338413522-TRANSLATE.mp4,TRANSLATE,D_01_080
P16,9193928780665812-CHEAP.mp4,CHEAP,F_02_056
P16,4996876454480068-BEE.mp4,BEE1,J_02_101
P16,5803840870726928-WALLET.mp4,WALLET,F_01_081
P16,6045012896859876-SPAIN.mp4,SPAIN,G_01_094
P16,6372152836534866-MICROWAVE.mp4,MICROWAVE,A_02_043
P16,24804143781660026-DEVIL.mp4,DEVIL,A_01_079
P16,2817219228057739-INSULT.mp4,INSULT,A_03_006
P16,8534387373665198-BOOK.mp4,BOOK,A_01_027
P16,4356071796024419-CARROT.mp4,CARROT1,A_02_083
P16,0876917766882157-ASIA.mp4,ASIA,A_01_078
P16,18779942214358503-COCONUT.mp4,COCONUT,A_02_088
P16,6309338499367612-PILL.mp4,PILL,B_01_050
P16,4465911028936387-MOTHER.mp4,MOTHER,B_02_008
P16,7724705500369646-BELT.mp4,BELT1,A_03_036
P16,29954043985690815-SAME 2.mp4,SAME2,B_02_013
P16,04542585910373753-MUSEUM.mp4,MUSEUM,C_01_024
P16,8642368543130285-TYPE 2.mp4,TYPE2,B_01_056
P16,536351274316941-PICTURE.mp4,PICTURE,A_02_042
P16,6044738080404157-LETTUCE 2.mp4,LETTUCE2,B_01_073
P16,07503380260077042-FIGHT.mp4,FIGHT,B_03_058
P16,48212955652591893-EXERCISE.mp4,EXERCISE,C_01_084
P16,02599108406096251-LATE.mp4,LATE,C_01_013
P16,699994024863398-PINK.mp4,PINK,C_01_074
P16,033095312435714064-MORE.mp4,MORE,B_03_032
P16,7678668588170721-RUDE.mp4,RUDE,B_01_026
P16,6691110697569587-GREEN.mp4,GREEN,B_02_085
P16,5417487767164768-FRAUD.mp4,FRAUD,D_02_070
P16,6869561758445264-TOAST.mp4,TOAST,D_02_080
P16,6039013239718027-SCULPTURE.mp4,SCULPTURE,E_03_045
P16,07431273052799936-CAPTURE.mp4,CAPTURE,H_03_048
P16,5795861830100906-FAIL.mp4,FAIL,H_01_077
P16,28401432017534245-COMMUNITY.mp4,COMMUNITY,J_01_015
P16,4841007042847052-LEND.mp4,LEND,J_01_088
P16,8178613259086382-PERCEIVE.mp4,PERCEIVE,J_02_063
P16,840245002469342-SNOW 2.mp4,SNOW2,K_03_081
P16,3092044477927096-NEED.mp4,NEED,C_02_034
P16,4171700973737922-FULL.mp4,FULL,D_02_048
P16,3357230779539191-CRAZY.mp4,CRAZY,D_03_040
P16,7557297806124808-ON.mp4,ON,E_03_004
P16,708861984303377-SWIM.mp4,SWIM1,E_03_053
P16,8930811412854502-CHOKE.mp4,CHOKE,G_01_079
P3,7402564909426892-TENDENCY.mp4,TENDENCY,G_03_089
P3,3762899638993129-SPECIAL 2.mp4,SPECIAL2,H_01_068
P3,6065614343841366-SCOUT.mp4,SCOUT,H_02_099
P3,32212605834440566-SWEAT.mp4,SWEAT,H_02_051
P3,654112772729498-BLANK.mp4,BLANK,H_02_006
P3,11208112267041859-PHILADELPHIA.mp4,PHILADELPHIA,H_02_023
P3,44882715272655305-SHOOT.mp4,SHOOT1,J_01_024
P3,3495415241627371-ITCH.mp4,ITCH,J_01_068
P3,18267092055262535-TABLET.mp4,TABLET,K_02_126
P44,1157236965732582-CHEW 3.mp4,CHEW3,K_02_041
P16,12988999431236725-CORKSCREW 2.mp4,CORKSCREW1,K_01_085
P16,6766821001549974-SCAN.mp4,SCAN,C_03_039
P16,22413623467867083-CORKSCREW.mp4,CORKSCREW2,D_01_053
P16,4069812423715016-DROWN.mp4,DROWN3,D_01_017
P16,7473791011085458-LESS.mp4,LESS,E_02_043
P16,38550445604124217-BEG.mp4,BEG,F_02_037
P16,41939881353624053-RACE.mp4,RACE,F_02_075
P16,6042377578902998-DREADLOCKS.mp4,DREADLOCKS,G_02_069
P16,011971170271905862-WHILE.mp4,WHILE,H_02_032
P16,4932774163490534-ICE.mp4,ICE,G_03_020
P16,9489163673745242-ADMIRE.mp4,ADMIRE,J_03_049
P16,24515852343907651-BASKETBALL 2.mp4,BASKETBALL3,K_01_013
P16,5283771289940327-DOLPHIN 3.mp4,DOLPHIN3,K_03_032
P16,9353677822319677-INDIAN.mp4,INDIAN,C_03_009
P16,7254822370404603-RIGHT 3.mp4,RIGHT3,J_03_095
P8,33007202240317746-RIGHT 3.mp4,RIGHT3,J_03_095
P16,2955731902268097-DEFLATE.mp4,DEFLATE,E_01_079
P16,8686930833895197-ZOO.mp4,ZOO,E_03_042
P16,10890284091493618-GUIDE.mp4,GUIDE,E_03_057
P16,5407790441605609-CRACK.mp4,CRACK,F_03_067
P16,2272702675257865-DINNER.mp4,DINNER1,G_03_044
P16,6151294442136532-DOG 4.mp4,DOG4,H_02_103
P16,39099691047106244-SWEETHEART.mp4,SWEETHEART,H_02_005
P16,494161034088864-IMAGINE 2.mp4,IMAGINE2,K_03_020
P16,10179292400840523-CHRISTMAS 2.mp4,CHRISTMAS2,J_03_061
P16,02390770742279491-YELLOW.mp4,YELLOW,D_01_020
P16,6201102543465034-GRIEVE.mp4,GRIEVE,E_03_100
P16,10006566326473543-COCAINE.mp4,COCAINE,F_03_044
P45,7106513553022424-RIGHT 3.mp4,RIGHT3,J_03_095
P8,4656710431146849-DEFLATE.mp4,DEFLATE,E_01_079
P8,4926303191685846-ZOO.mp4,ZOO,E_03_042
P46,20079181342648988-POPE.mp4,POPE,G_02_077
P46,48134732561786864-WHEELBARROW.mp4,WHEELBARROW,F_03_070
P46,9953610281521326-YES.mp4,YES,G_03_074
P46,49753166524459513-SKATEBOARDING.mp4,SKATEBOARDING1,C_02_052
P46,23937821119543812-BANDAGE.mp4,BANDAGE,F_03_020
P46,21707827709432959-BALLOON.mp4,BALLOON,A_02_086
P46,04275572795525662-SOCKS.mp4,SOCKS,A_03_033
P46,3499265097482678-PEACH.mp4,PEACH1,A_01_070
P46,18673522877669835-BRA.mp4,BRA1,A_03_028
P46,6730964249669342-SOAP.mp4,SOAP1,A_01_084
P46,13991249016751262-FRAUD.mp4,FRAUD,D_02_070
P46,7302480601287968-TABLET.mp4,TABLET,K_02_126
P46,8706476256094509-CHEW 3.mp4,CHEW3,K_02_041
P46,018782453655194153-CORKSCREW 2.mp4,CORKSCREW1,K_01_085
P50,729450859349217-COCAINE.mp4,COCAINE,F_03_044
P50,8140986324904689-POPE.mp4,POPE,G_02_077
P50,6750647758647985-WHEELBARROW.mp4,WHEELBARROW,F_03_070
P50,7199140986089654-YES.mp4,YES,G_03_074
P50,356102482885404-COMFORTABLE.mp4,COMFORTABLE,H_03_058
P50,48983210930984544-WRONG.mp4,WRONG,B_01_055
P50,06377773917778917-SKATEBOARDING.mp4,SKATEBOARDING1,C_02_052
P50,6101442006143865-BAR.mp4,BAR,A_03_072
P50,016040397401142714-CUTE.mp4,CUTE1,C_01_045
P50,11354714079014183-BREAKDOWN.mp4,BREAKDOWN2,B_01_064
P50,17656377523560773-COLD.mp4,COLD,C_02_068
P50,7968373296209925-TRANSLATE.mp4,TRANSLATE,D_01_080
P50,41547163456066527-CHEAP.mp4,CHEAP,F_02_056
P50,3824861731146685-BANDAGE.mp4,BANDAGE,F_03_020
P50,8698342088354629-BEE.mp4,BEE1,J_02_101
P50,42938123075771184-WALLET.mp4,WALLET,F_01_081
P50,6140513895293755-BEFORE.mp4,BEFORE,G_02_053
P20,6132938796324525-SPAIN.mp4,SPAIN,G_01_094
P20,7433653579416257-MICROWAVE.mp4,MICROWAVE,A_02_043
P20,3703730152151108-BALLOON.mp4,BALLOON,A_02_086
P20,42593597221344526-SOCKS.mp4,SOCKS,A_03_033
P20,05121442509935181-PEACH.mp4,PEACH1,A_01_070
P20,9304087824074723-CARROT.mp4,CARROT1,A_02_083
P20,6613857548721882-ASIA.mp4,ASIA,A_01_078
P20,6477138112253504-COCONUT.mp4,COCONUT,A_02_088
P20,7821106037118901-PILL.mp4,PILL,B_01_050
P20,6976573288663246-MOTHER.mp4,MOTHER,B_02_008
P20,24932459512655392-BELT.mp4,BELT1,A_03_036
P20,5334646448302021-SAME 2.mp4,SAME2,B_02_013
P20,3733629256105577-MUSEUM.mp4,MUSEUM,C_01_024
P50,0013648282188178928-SPAIN.mp4,SPAIN,G_01_094
P50,011312788310507527-MICROWAVE.mp4,MICROWAVE,A_02_043
P50,18164870196742688-BALLOON.mp4,BALLOON,A_02_086
P50,11997914395770026-SOCKS.mp4,SOCKS,A_03_033
P50,2544209257979182-PEACH.mp4,PEACH1,A_01_070
P50,3529594632998625-CARROT.mp4,CARROT1,A_02_083
P50,3812321193469532-ASIA.mp4,ASIA,A_01_078
P50,153256533483783-COCONUT.mp4,COCONUT,A_02_088
P50,7054105445995056-PILL.mp4,PILL,B_01_050
P50,38587885070618055-TYPE 2.mp4,TYPE2,B_01_056
P50,2833597051922738-PICTURE.mp4,PICTURE,A_02_042
P50,2568740763639974-FULL.mp4,FULL,D_02_048
P50,5272202697530239-CRAZY.mp4,CRAZY,D_03_040
P50,2551207822848043-DOG 4.mp4,DOG4,H_02_103
P50,5232043128158483-DEVIL.mp4,DEVIL,A_01_079
P50,8802694015387986-INSULT.mp4,INSULT,A_03_006
P50,27449508901283615-BOOK.mp4,BOOK,A_01_027
P50,7210531974249805-WHILE.mp4,WHILE,H_02_032
P50,7028921711682361-ZOO.mp4,ZOO,E_03_042
P50,8222916550671653-GUIDE.mp4,GUIDE,E_03_057
P50,5853283460067327-CRACK.mp4,CRACK,F_03_067
P50,4339929457756364-DINNER.mp4,DINNER1,G_03_044
P50,7301342816311389-SWEETHEART.mp4,SWEETHEART,H_02_005
P50,5199892982857388-IMAGINE 2.mp4,IMAGINE2,K_03_020
P50,10776321464353589-CHRISTMAS 2.mp4,CHRISTMAS2,J_03_061
P50,9604971098957251-YELLOW.mp4,YELLOW,D_01_020
P50,026966551178341236-GRIEVE.mp4,GRIEVE,E_03_100
P50,2743951617096203-BIRTH.mp4,BIRTH,C_02_076
P50,20603647229310407-LOBSTER.mp4,LOBSTER1,D_01_072
P50,24116156597369964-BRA.mp4,BRA1,A_03_028
P50,4199287951397721-SOAP.mp4,SOAP1,A_01_084
P50,47729274707136926-BELT.mp4,BELT1,A_03_036
P50,8607608244043903-SAME 2.mp4,SAME2,B_02_013
P50,46866965139010874-MUSEUM.mp4,MUSEUM,C_01_024
P50,9062965812578185-LETTUCE 2.mp4,LETTUCE2,B_01_073
P50,8442383524622044-FIGHT.mp4,FIGHT,B_03_058
P50,81456842743425-EXERCISE.mp4,EXERCISE,C_01_084
P50,25114715888131944-LATE.mp4,LATE,C_01_013
P50,04738273535882853-PINK.mp4,PINK,C_01_074
P50,48891811825038345-MORE.mp4,MORE,B_03_032
P50,49602022502394627-RUDE.mp4,RUDE,B_01_026
P50,1891233090437121-GREEN.mp4,GREEN,B_02_085
P50,5694338659776486-FRAUD.mp4,FRAUD,D_02_070
P50,9601292235165915-TOAST.mp4,TOAST,D_02_080
P50,7268605466323492-SCULPTURE.mp4,SCULPTURE,E_03_045
P50,10071844322944257-FLUTE.mp4,FLUTE,E_02_036
P50,7088712960725594-CAPTURE.mp4,CAPTURE,H_03_048
P50,20492820460326078-FAIL.mp4,FAIL,H_01_077
P50,3110601770966408-COMMUNITY.mp4,COMMUNITY,J_01_015
P50,026940436362473674-LEND.mp4,LEND,J_01_088
P50,0693061280585272-PERCEIVE.mp4,PERCEIVE,J_02_063
P50,2686093132679521-PILLOW 2.mp4,PILLOW2,K_01_097
P50,8480218452717574-TENDENCY.mp4,TENDENCY,G_03_089
P50,12083888831364242-SPECIAL 2.mp4,SPECIAL2,H_01_068
P50,7055361177031743-SCOUT.mp4,SCOUT,H_02_099
P50,6112313659389588-SWEAT.mp4,SWEAT,H_02_051
P50,5374847073959486-BLANK.mp4,BLANK,H_02_006
P50,5251732408723098-PHILADELPHIA.mp4,PHILADELPHIA,H_02_023
P50,7466938168145949-SHOOT.mp4,SHOOT1,J_01_024
P50,9653071536509674-ITCH.mp4,ITCH,J_01_068
P50,5182358587022231-TABLET.mp4,TABLET,K_02_126
P50,454800643504913-CHEW 3.mp4,CHEW3,K_02_041
P50,9697821647110647-CORKSCREW 2.mp4,CORKSCREW1,K_01_085
P50,6328029939880091-SCAN.mp4,SCAN,C_03_039
P50,33520704945760804-CORKSCREW.mp4,CORKSCREW2,D_01_053
P50,5500895736383489-DROWN.mp4,DROWN3,D_01_017
P50,12360128682291482-LESS.mp4,LESS,E_02_043
P50,18639486473472222-BEG.mp4,BEG,F_02_037
P50,5546024712898281-DREADLOCKS.mp4,DREADLOCKS,G_02_069
P50,8298098694053382-SNOW 2.mp4,SNOW2,K_03_081
P50,0505419163931653-NEED.mp4,NEED,C_02_034
P14,07995613022380854-LOBSTER.mp4,LOBSTER1,D_01_072
P14,461436818340228-BREAKDOWN.mp4,BREAKDOWN2,B_01_064
P14,43108734392133496-BEE.mp4,BEE1,J_02_101
P14,054046571927714115-WALLET.mp4,WALLET,F_01_081
P14,3252651549951444-BRA.mp4,BRA1,A_03_028
P14,39129655923818096-SOAP.mp4,SOAP1,A_01_084
P14,6729470264550226-DEVIL.mp4,DEVIL,A_01_079
P14,5110855186292294-INSULT.mp4,INSULT,A_03_006
P14,13472212573182674-BOOK.mp4,BOOK,A_01_027
P14,7542254268771809-MOTHER.mp4,MOTHER,B_02_008
P14,7862393727140522-MUSEUM.mp4,MUSEUM,C_01_024
P14,8519070082276119-TYPE 2.mp4,TYPE2,B_01_056
P14,41794489461542117-PICTURE.mp4,PICTURE,A_02_042
P14,16793906083710386-LETTUCE 2.mp4,LETTUCE2,B_01_073
P14,7517967729324455-CAPTURE.mp4,CAPTURE,H_03_048
P14,9134053166258611-FAIL.mp4,FAIL,H_01_077
P14,8755920685220846-COMMUNITY.mp4,COMMUNITY,J_01_015
P14,8521580286640404-LEND.mp4,LEND,J_01_088
P14,8228906508212017-PERCEIVE.mp4,PERCEIVE,J_02_063
P14,9701223233159699-NEED.mp4,NEED,C_02_034
P14,9672598473708827-FULL.mp4,FULL,D_02_048
P14,6949587742358287-CRAZY.mp4,CRAZY,D_03_040
P14,08601207653804144-ON.mp4,ON,E_03_004
P14,6882219138688224-SWIM.mp4,SWIM1,E_03_053
P50,08660641353187426-ON.mp4,ON,E_03_004
P50,05718980880641222-SWIM.mp4,SWIM1,E_03_053
P50,6981824094735412-CHOKE.mp4,CHOKE,G_01_079
P50,2625500037506996-RACE.mp4,RACE,F_02_075
P50,18385377358309185-ICE.mp4,ICE,G_03_020
P50,011478350816115146-ADMIRE.mp4,ADMIRE,J_03_049
P50,31742888688212156-BASKETBALL 2.mp4,BASKETBALL3,K_01_013
P50,13200465009065532-DOLPHIN 3.mp4,DOLPHIN3,K_03_032
P50,47401376335992573-INDIAN.mp4,INDIAN,C_03_009
P50,9868334545162973-RIGHT 3.mp4,RIGHT3,J_03_095
P50,17665037203766776-DEFLATE.mp4,DEFLATE,E_01_079
P50,8830790282753869-CUTE.mp4,CUTE1,C_01_045
P50,5391135538624647-COLD.mp4,COLD,C_02_068
P50,6146720205611669-TRANSLATE.mp4,TRANSLATE,D_01_080
P50,03572240652563097-CHEAP.mp4,CHEAP,F_02_056
P50,921762604863924-BANDAGE.mp4,BANDAGE,F_03_020
P50,6424922559625883-BEFORE.mp4,BEFORE,G_02_053
P50,029203529332495926-PILLOW 2.mp4,PILLOW2,K_01_097
P50,6682045893304822-RACE.mp4,RACE,F_02_075
P50,6468838620448272-WHILE.mp4,WHILE,H_02_032
P50,9575454375602943-ICE.mp4,ICE,G_03_020
P50,7360366821588655-ADMIRE.mp4,ADMIRE,J_03_049
P50,3748668152168735-BASKETBALL 2.mp4,BASKETBALL3,K_01_013
P50,34761334040184044-DOLPHIN 3.mp4,DOLPHIN3,K_03_032
P50,1623074982258168-INDIAN.mp4,INDIAN,C_03_009
P23,5711939033036411-SNOW 2.mp4,SNOW2,K_03_081
P23,8820036967113078-FULL.mp4,FULL,D_02_048
P23,31284365044222073-CRAZY.mp4,CRAZY,D_03_040
P23,39846035999868423-CHOKE.mp4,CHOKE,G_01_079
P23,8790793719283709-TENDENCY.mp4,TENDENCY,G_03_089
P23,0987940410876531-SPECIAL 2.mp4,SPECIAL2,H_01_068
P23,7232541336946638-SCOUT.mp4,SCOUT,H_02_099
P23,29129560130346843-SWEAT.mp4,SWEAT,H_02_051
P23,831876672061109-BLANK.mp4,BLANK,H_02_006
P23,37592862537272786-PHILADELPHIA.mp4,PHILADELPHIA,H_02_023
P23,9914014502055217-SHOOT.mp4,SHOOT1,J_01_024
P23,5745876622232835-ITCH.mp4,ITCH,J_01_068
P23,48538429134718175-TABLET.mp4,TABLET,K_02_126
P23,31282405744151465-CHEW 3.mp4,CHEW3,K_02_041
P23,148820461239475-CORKSCREW 2.mp4,CORKSCREW1,K_01_085
P23,9765079162863937-SCAN.mp4,SCAN,C_03_039
P23,8969771410611926-CORKSCREW.mp4,CORKSCREW2,D_01_053
P23,14503492565868625-DROWN.mp4,DROWN3,D_01_017
P23,42298974601594974-LESS.mp4,LESS,E_02_043
P23,9838702210156822-BEG.mp4,BEG,F_02_037
P23,3638985722215742-DREADLOCKS.mp4,DREADLOCKS,G_02_069
P23,5828054326873555-WHILE.mp4,WHILE,H_02_032
P23,4959112726356285-DEFLATE.mp4,DEFLATE,E_01_079
P23,9948865119951678-ZOO.mp4,ZOO,E_03_042
P23,5475422797157838-GUIDE.mp4,GUIDE,E_03_057
P23,38666880050166164-CRACK.mp4,CRACK,F_03_067
P23,5564328627583011-DOG 4.mp4,DOG4,H_02_103
P23,08470127047572973-SWEETHEART.mp4,SWEETHEART,H_02_005
P23,23716182400796115-IMAGINE 2.mp4,IMAGINE2,K_03_020
P23,126150940807511-CHRISTMAS 2.mp4,CHRISTMAS2,J_03_061
P23,812390941200497-YELLOW.mp4,YELLOW,D_01_020
P23,016359875112767375-GRIEVE.mp4,GRIEVE,E_03_100
P24,6228543871142622-COCAINE.mp4,COCAINE,F_03_044
P24,5180194077920346-POPE.mp4,POPE,G_02_077
P24,18417683523080886-WHEELBARROW.mp4,WHEELBARROW,F_03_070
P24,9009854854743657-YES.mp4,YES,G_03_074
P24,35844777950333206-COMFORTABLE.mp4,COMFORTABLE,H_03_058
P10,6760187823605635-CAPTURE.mp4,CAPTURE,H_03_048
P27,8918143778633667-CAPTURE.mp4,CAPTURE,H_03_048
P27,15079140547294045-FAIL.mp4,FAIL,H_01_077
P10,31302823747601805-FAIL.mp4,FAIL,H_01_077
P27,7129174699657943-LEND.mp4,LEND,J_01_088
P27,6031517687767562-PERCEIVE.mp4,PERCEIVE,J_02_063
P10,2850493904123663-COMMUNITY.mp4,COMMUNITY,J_01_015
P10,5750213582934705-LEND.mp4,LEND,J_01_088
P27,3514134231905748-PILLOW 2.mp4,PILLOW2,K_01_097
P10,6644541077668431-PILLOW 2.mp4,PILLOW2,K_01_097
P10,9959161578599864-BOOK.mp4,BOOK,A_01_027
P27,7119985294088114-SNOW 2.mp4,SNOW2,K_03_081
P27,5597756711675372-NEED.mp4,NEED,C_02_034
P27,9002652021974338-FULL.mp4,FULL,D_02_048
P27,8310004371879189-CRAZY.mp4,CRAZY,D_03_040
P27,7627152045306498-ON.mp4,ON,E_03_004
P27,16437982216581437-SWIM.mp4,SWIM1,E_03_053
P27,8672011714548131-CHOKE.mp4,CHOKE,G_01_079
P27,2597263600814943-TENDENCY.mp4,TENDENCY,G_03_089
P27,3634417094904736-SPECIAL 2.mp4,SPECIAL2,H_01_068
P27,5886803181489926-SCOUT.mp4,SCOUT,H_02_099
P27,6692459785172438-SWEAT.mp4,SWEAT,H_02_051
P27,8755905683010183-BLANK.mp4,BLANK,H_02_006
P27,14227861285408072-PHILADELPHIA.mp4,PHILADELPHIA,H_02_023
P27,8369864181645832-SHOOT.mp4,SHOOT1,J_01_024
P27,9004564088481368-ITCH.mp4,ITCH,J_01_068
P27,26768382762350984-TABLET.mp4,TABLET,K_02_126
P27,6882143113646835-CHEW 3.mp4,CHEW3,K_02_041
P27,8514513506183465-CORKSCREW 2.mp4,CORKSCREW1,K_01_085
P27,19446323325039838-SCAN.mp4,SCAN,C_03_039
P27,5195575921525484-CORKSCREW.mp4,CORKSCREW2,D_01_053
P27,6511100547003901-DROWN.mp4,DROWN3,D_01_017
P28,238640910300711-COCAINE.mp4,COCAINE,F_03_044
P4,07491522190757394-WRONG.mp4,WRONG,B_01_055
P4,8886786484140352-BIRTH.mp4,BIRTH,C_02_076
P4,6301824729551069-SKATEBOARDING.mp4,SKATEBOARDING1,C_02_052
P4,26240728126124524-BAR.mp4,BAR,A_03_072
P4,6933273308206458-CUTE.mp4,CUTE1,C_01_045
P4,9837957350615316-BREAKDOWN.mp4,BREAKDOWN2,B_01_064
P4,5765213045805393-COLD.mp4,COLD,C_02_068
P4,6478738266930912-TRANSLATE.mp4,TRANSLATE,D_01_080
P4,7148239771043403-CHEAP.mp4,CHEAP,F_02_056
P4,9434463904807302-BANDAGE.mp4,BANDAGE,F_03_020
P4,7191875149344338-BEE.mp4,BEE1,J_02_101
P4,5963539557657971-WALLET.mp4,WALLET,F_01_081
P4,7772435217793601-BEFORE.mp4,BEFORE,G_02_053
P4,951459456202006-TYPE 2.mp4,TYPE2,B_01_056
P4,3110675210349956-PICTURE.mp4,PICTURE,A_02_042
P4,12837031674626198-FIGHT.mp4,FIGHT,B_03_058
P4,3125940548932147-EXERCISE.mp4,EXERCISE,C_01_084
P4,4391110069118742-LATE.mp4,LATE,C_01_013
P4,3746133910472198-PINK.mp4,PINK,C_01_074
P4,9858229995286099-MORE.mp4,MORE,B_03_032
P4,9738656392390781-RUDE.mp4,RUDE,B_01_026
P4,27674953682567405-TOAST.mp4,TOAST,D_02_080
P4,25524163203384465-SCULPTURE.mp4,SCULPTURE,E_03_045
P29,6263267770413714-FLUTE.mp4,FLUTE,E_02_036
P29,4474414972741163-DOG 4.mp4,DOG4,H_02_103
P29,5837224380046702-SWEETHEART.mp4,SWEETHEART,H_02_005
P25,0874572759401957-IMAGINE 2.mp4,IMAGINE2,K_03_020
P25,9274712811907311-CHRISTMAS 2.mp4,CHRISTMAS2,J_03_061
P30,5787771149094942-YELLOW.mp4,YELLOW,D_01_020
P10,9523435239458786-SPAIN.mp4,SPAIN,G_01_094
P30,9137455155828156-PEACH.mp4,PEACH1,A_01_070
P30,9286015316458289-BRA.mp4,BRA1,A_03_028
P30,934968134421561-SOAP.mp4,SOAP1,A_01_084
P30,3800985450936536-DEVIL.mp4,DEVIL,A_01_079
P30,2886339140921237-INSULT.mp4,INSULT,A_03_006
P29,14205858284114448-PEACH.mp4,PEACH1,A_01_070
P29,2509164542170197-BRA.mp4,BRA1,A_03_028
P29,07569239078200862-SOAP.mp4,SOAP1,A_01_084
P29,24228691502076471-INSULT.mp4,INSULT,A_03_006
P29,9073054164558345-CARROT.mp4,CARROT1,A_02_083
P29,4503085287306787-ASIA.mp4,ASIA,A_01_078
P29,20989887073193847-MUSEUM.mp4,MUSEUM,C_01_024
P29,059297171340684685-TYPE 2.mp4,TYPE2,B_01_056
P30,6772059664864456-CARROT.mp4,CARROT1,A_02_083
P30,8230079849522012-ASIA.mp4,ASIA,A_01_078
P30,2733202830824717-MUSEUM.mp4,MUSEUM,C_01_024
P30,43986557941953386-TYPE 2.mp4,TYPE2,B_01_056
P30,7224062493428285-PICTURE.mp4,PICTURE,A_02_042
P30,025886346662775672-LETTUCE 2.mp4,LETTUCE2,B_01_073
P30,48631976806130384-FIGHT.mp4,FIGHT,B_03_058
P30,8211519945057635-EXERCISE.mp4,EXERCISE,C_01_084
P30,9561790132131447-LATE.mp4,LATE,C_01_013
P30,9999788504770488-PINK.mp4,PINK,C_01_074
P30,6684303463308252-MORE.mp4,MORE,B_03_032
P30,3791558788296796-RUDE.mp4,RUDE,B_01_026
P30,5367152269626574-GREEN.mp4,GREEN,B_02_085
P30,18769934592594684-FRAUD.mp4,FRAUD,D_02_070
P30,8922211746497242-TOAST.mp4,TOAST,D_02_080
P30,40498102968733907-SCULPTURE.mp4,SCULPTURE,E_03_045
P30,048264454254231426-FLUTE.mp4,FLUTE,E_02_036
P27,6739242424117287-BEG.mp4,BEG,F_02_037
P27,2584832310388545-RACE.mp4,RACE,F_02_075
P27,7557424179190813-DREADLOCKS.mp4,DREADLOCKS,G_02_069
P27,14781694457843053-WHILE.mp4,WHILE,H_02_032
P27,923514769083221-ICE.mp4,ICE,G_03_020
P27,32286594713256034-ADMIRE.mp4,ADMIRE,J_03_049
P27,34628833251266156-BASKETBALL 2.mp4,BASKETBALL3,K_01_013
P27,9931994305868341-DOLPHIN 3.mp4,DOLPHIN3,K_03_032
P27,7218341081585298-RIGHT 3.mp4,RIGHT3,J_03_095
P27,9733486339180906-DEFLATE.mp4,DEFLATE,E_01_079
P27,882597117032216-ZOO.mp4,ZOO,E_03_042
P27,16167353017124952-GUIDE.mp4,GUIDE,E_03_057
P27,7410564482917914-CRACK.mp4,CRACK,F_03_067
P27,09174889470814085-DINNER.mp4,DINNER1,G_03_044
P27,4209298924849316-SWEETHEART.mp4,SWEETHEART,H_02_005
P31,42898460886762635-CHOKE.mp4,CHOKE,G_01_079
P31,4916310526301444-TENDENCY.mp4,TENDENCY,G_03_089
P31,31518651860650837-SPECIAL 2.mp4,SPECIAL2,H_01_068
P31,4083259894861271-SCOUT.mp4,SCOUT,H_02_099
P31,7925623608833963-SWEAT.mp4,SWEAT,H_02_051
P31,039881789687349345-BLANK.mp4,BLANK,H_02_006
P31,5471027161887678-PHILADELPHIA.mp4,PHILADELPHIA,H_02_023
P31,1876926496836162-SHOOT.mp4,SHOOT1,J_01_024
P31,6569910334694773-ITCH.mp4,ITCH,J_01_068
P31,5975856804246988-TABLET.mp4,TABLET,K_02_126
P31,6146291504591226-CHEW 3.mp4,CHEW3,K_02_041
P31,10994479142072988-CORKSCREW 2.mp4,CORKSCREW1,K_01_085
P31,4207161186575896-SCAN.mp4,SCAN,C_03_039
P31,9352165472555778-CORKSCREW.mp4,CORKSCREW2,D_01_053
P31,3972107855864291-DROWN.mp4,DROWN3,D_01_017
P31,9233881558474177-INDIAN.mp4,INDIAN,C_03_009
P31,04391244050839371-IMAGINE 2.mp4,IMAGINE2,K_03_020
P31,34667888754364307-CHRISTMAS 2.mp4,CHRISTMAS2,J_03_061
P31,6975969334811052-YELLOW.mp4,YELLOW,D_01_020
P31,14345777061430542-GRIEVE.mp4,GRIEVE,E_03_100
P31,974314772556-COCAINE.mp4,COCAINE,F_03_044
P31,23830825807806155-POPE.mp4,POPE,G_02_077
P31,4403788032231202-WHEELBARROW.mp4,WHEELBARROW,F_03_070
P31,709429051156695-YES.mp4,YES,G_03_074
P31,4179401231234796-COMFORTABLE.mp4,COMFORTABLE,H_03_058
P31,5865819064994482-WRONG.mp4,WRONG,B_01_055
P31,1590837677039214-BIRTH.mp4,BIRTH,C_02_076
P31,7506107551981056-LOBSTER.mp4,LOBSTER1,D_01_072
P31,1393862899277276-SKATEBOARDING.mp4,SKATEBOARDING1,C_02_052
P31,3155353506744525-BAR.mp4,BAR,A_03_072
P31,8132188070638686-CUTE.mp4,CUTE1,C_01_045
P31,4656857542172048-BREAKDOWN.mp4,BREAKDOWN2,B_01_064
P31,6077539816507953-COLD.mp4,COLD,C_02_068
P31,016900665910519752-TRANSLATE.mp4,TRANSLATE,D_01_080
P31,5183104893489554-CHEAP.mp4,CHEAP,F_02_056
P31,294461170443467-BANDAGE.mp4,BANDAGE,F_03_020
P31,3952758889037944-BEE.mp4,BEE1,J_02_101
P31,5574219406245702-WALLET.mp4,WALLET,F_01_081
P31,8719171974792299-BEFORE.mp4,BEFORE,G_02_053
P29,7091332761056248-TOAST.mp4,TOAST,D_02_080
P29,9295406199237131-SCULPTURE.mp4,SCULPTURE,E_03_045
P29,10015068401494553-PERCEIVE.mp4,PERCEIVE,J_02_063
P29,5158144783891894-SNOW 2.mp4,SNOW2,K_03_081
P29,25388069654637513-NEED.mp4,NEED,C_02_034
P29,25080733967284985-FULL.mp4,FULL,D_02_048
P29,19941822610285076-CRAZY.mp4,CRAZY,D_03_040
P29,31576138725855984-ON.mp4,ON,E_03_004
P29,8344793711891658-SWIM.mp4,SWIM1,E_03_053
P29,7009769725944426-CHOKE.mp4,CHOKE,G_01_079
P29,9219157092884871-TENDENCY.mp4,TENDENCY,G_03_089
P29,8091302213410134-SPECIAL 2.mp4,SPECIAL2,H_01_068
P29,12496966492795991-SCOUT.mp4,SCOUT,H_02_099
P29,910386878895953-SWEAT.mp4,SWEAT,H_02_051
P29,9380182684135143-BLANK.mp4,BLANK,H_02_006
P29,7331262814135577-PHILADELPHIA.mp4,PHILADELPHIA,H_02_023
P29,053144875574626216-SHOOT.mp4,SHOOT1,J_01_024
P29,7335998853233947-ITCH.mp4,ITCH,J_01_068
P29,8679099232793901-TABLET.mp4,TABLET,K_02_126
P29,03940632878891259-CHEW 3.mp4,CHEW3,K_02_041
P29,2660120016116456-CORKSCREW 2.mp4,CORKSCREW1,K_01_085
P29,7912075833922849-SCAN.mp4,SCAN,C_03_039
P29,24171699913629197-CORKSCREW.mp4,CORKSCREW2,D_01_053
P29,928258466068755-DROWN.mp4,DROWN3,D_01_017
P29,025934577509988177-LESS.mp4,LESS,E_02_043
P31,9777702478991077-FLUTE.mp4,FLUTE,E_02_036
P31,13579556866531495-BEG.mp4,BEG,F_02_037
P31,9342354837055467-DREADLOCKS.mp4,DREADLOCKS,G_02_069
P31,9803744163119454-WHILE.mp4,WHILE,H_02_032
P31,6970241028966457-ICE.mp4,ICE,G_03_020
P31,3502523422635888-ADMIRE.mp4,ADMIRE,J_03_049
P31,8017819493197522-BASKETBALL 2.mp4,BASKETBALL3,K_01_013
P31,026976582950045236-DOLPHIN 3.mp4,DOLPHIN3,K_03_032
P31,21796691915238897-RIGHT 3.mp4,RIGHT3,J_03_095
P31,6440684947244435-DEFLATE.mp4,DEFLATE,E_01_079
P31,037656628183744045-ZOO.mp4,ZOO,E_03_042
P31,2341969759802791-GUIDE.mp4,GUIDE,E_03_057
P31,08794420465090602-CRACK.mp4,CRACK,F_03_067
P31,13716593291458-DINNER.mp4,DINNER1,G_03_044
P31,7684117753801394-DOG 4.mp4,DOG4,H_02_103
P31,1980092592142091-SWEETHEART.mp4,SWEETHEART,H_02_005
P31,2785856190482592-SPAIN.mp4,SPAIN,G_01_094
P27,5081018175493035-IMAGINE 2.mp4,IMAGINE2,K_03_020
P27,2866465410050849-CHRISTMAS 2.mp4,CHRISTMAS2,J_03_061
P27,13208623282049303-YELLOW.mp4,YELLOW,D_01_020
P27,3194928264017409-GRIEVE.mp4,GRIEVE,E_03_100
P27,7066060502920573-COCAINE.mp4,COCAINE,F_03_044
P33,9270674479149834-INDIAN.mp4,INDIAN,C_03_009
P30,8924290834204127-LOBSTER.mp4,LOBSTER1,D_01_072
P30,5159202035044688-CUTE.mp4,CUTE1,C_01_045
P30,36886069093635676-BREAKDOWN.mp4,BREAKDOWN2,B_01_064
P30,6256497117761755-COLD.mp4,COLD,C_02_068
P30,4979849693876204-TRANSLATE.mp4,TRANSLATE,D_01_080
P30,6753374427728025-CHEAP.mp4,CHEAP,F_02_056
P30,38401931069619-BANDAGE.mp4,BANDAGE,F_03_020
P30,14438905359266485-BEE.mp4,BEE1,J_02_101
P30,960325374891432-WALLET.mp4,WALLET,F_01_081
P30,776528000465337-BEFORE.mp4,BEFORE,G_02_053
P29,3068028898686521-MICROWAVE.mp4,MICROWAVE,A_02_043
P29,09199887724499445-BALLOON.mp4,BALLOON,A_02_086
P29,8084953344239929-SOCKS.mp4,SOCKS,A_03_033
P29,997636815666775-COCONUT.mp4,COCONUT,A_02_088
P29,12564911082841612-PILL.mp4,PILL,B_01_050
P29,1825200902929398-MOTHER.mp4,MOTHER,B_02_008
P29,6922856844053422-BELT.mp4,BELT1,A_03_036
P29,9448527259252137-SAME 2.mp4,SAME2,B_02_013
P29,7751035181938972-PICTURE.mp4,PICTURE,A_02_042
P31,9499326358830928-MICROWAVE.mp4,MICROWAVE,A_02_043
P31,5166720261613114-BALLOON.mp4,BALLOON,A_02_086
P31,858781743879657-SOCKS.mp4,SOCKS,A_03_033
P31,41546159157586926-COCONUT.mp4,COCONUT,A_02_088
P31,1452299099300849-PILL.mp4,PILL,B_01_050
P31,3594639642396176-MOTHER.mp4,MOTHER,B_02_008
P31,9136010744854282-BELT.mp4,BELT1,A_03_036
P31,8491380604675363-SAME 2.mp4,SAME2,B_02_013
P31,6499840665838192-PICTURE.mp4,PICTURE,A_02_042
P31,8325296528005834-LETTUCE 2.mp4,LETTUCE2,B_01_073
P31,9228824086747911-FIGHT.mp4,FIGHT,B_03_058
P31,7580815653126953-EXERCISE.mp4,EXERCISE,C_01_084
P31,1138967326810103-LATE.mp4,LATE,C_01_013
P31,25966742495980744-PINK.mp4,PINK,C_01_074
P31,7213248453404937-MORE.mp4,MORE,B_03_032
P31,4418887097136406-RUDE.mp4,RUDE,B_01_026
P31,6009435442583633-GREEN.mp4,GREEN,B_02_085
P31,02919110243109957-FRAUD.mp4,FRAUD,D_02_070
P31,5082728333050661-TOAST.mp4,TOAST,D_02_080
P31,5324839503119136-SCULPTURE.mp4,SCULPTURE,E_03_045
P31,5752463345267955-COMMUNITY.mp4,COMMUNITY,J_01_015
P31,22448094111688244-LEND.mp4,LEND,J_01_088
P31,7174469601970643-PERCEIVE.mp4,PERCEIVE,J_02_063
P31,07007663400506381-PILLOW 2.mp4,PILLOW2,K_01_097
P29,120573776117332-FIGHT.mp4,FIGHT,B_03_058
P29,47316823226388904-EXERCISE.mp4,EXERCISE,C_01_084
P31,074591352466016-SNOW 2.mp4,SNOW2,K_03_081
P29,12699291550768455-LATE.mp4,LATE,C_01_013
P31,8882151630852417-NEED.mp4,NEED,C_02_034
P29,45198637421522947-PINK.mp4,PINK,C_01_074
P29,8116309886717166-MORE.mp4,MORE,B_03_032
P29,513461698255639-RUDE.mp4,RUDE,B_01_026
P31,05293400612328547-FULL.mp4,FULL,D_02_048
P31,7005759119897781-CRAZY.mp4,CRAZY,D_03_040
P29,18697877522861095-GREEN.mp4,GREEN,B_02_085
P31,5674136240214718-ON.mp4,ON,E_03_004
P31,11824182834910357-SWIM.mp4,SWIM1,E_03_053
P29,48671909512383027-COMMUNITY.mp4,COMMUNITY,J_01_015
P29,267456247472714-LEND.mp4,LEND,J_01_088
P29,8268496471303344-PILLOW 2.mp4,PILLOW2,K_01_097
P27,5665307558334631-FLUTE.mp4,FLUTE,E_02_036
P31,818702114612541-LESS.mp4,LESS,E_02_043
P27,7640687420997381-LESS.mp4,LESS,E_02_043
P31,5770462994666947-BOOK.mp4,BOOK,A_01_027
P31,5789850270579802-MUSEUM.mp4,MUSEUM,C_01_024
P31,05275059859387188-TYPE 2.mp4,TYPE2,B_01_056
P31,010556891349597253-CAPTURE.mp4,CAPTURE,H_03_048
P31,5714422571581101-FAIL.mp4,FAIL,H_01_077
P31,19365444780740426-PEACH.mp4,PEACH1,A_01_070
P31,6178955080644464-BRA.mp4,BRA1,A_03_028
P31,45727120944785815-SOAP.mp4,SOAP1,A_01_084
P31,3707853561215042-DEVIL.mp4,DEVIL,A_01_079
P31,7494470466763627-INSULT.mp4,INSULT,A_03_006
P31,6700953935042155-CARROT.mp4,CARROT1,A_02_083
P31,4245369721829657-ASIA.mp4,ASIA,A_01_078
P31,4912433024431786-FLUTE.mp4,FLUTE,E_02_036
P31,8005924976053496-SCAN.mp4,SCAN,C_03_039
P31,9514477257744911-CORKSCREW.mp4,CORKSCREW2,D_01_053
P31,41672611798368386-DROWN.mp4,DROWN3,D_01_017
P31,5517947193894646-LESS.mp4,LESS,E_02_043
P31,9176827442650217-BEG.mp4,BEG,F_02_037
P31,26953998975877713-RACE.mp4,RACE,F_02_075
P31,7108121213867549-DREADLOCKS.mp4,DREADLOCKS,G_02_069
P25,5835567476573256-FLUTE.mp4,FLUTE,E_02_036
P25,07878955160202072-SCAN.mp4,SCAN,C_03_039
P25,5623747348948838-CORKSCREW.mp4,CORKSCREW2,D_01_053
P25,018633496459171672-DROWN.mp4,DROWN3,D_01_017
P30,7128895148457004-WHILE.mp4,WHILE,H_02_032
P30,6120378866870697-ICE.mp4,ICE,G_03_020
P30,49742963402541696-ADMIRE.mp4,ADMIRE,J_03_049
P29,5166392114163507-WHILE.mp4,WHILE,H_02_032
P29,7166600834674339-ICE.mp4,ICE,G_03_020
P29,6974565737889802-ADMIRE.mp4,ADMIRE,J_03_049
P29,7394024045879728-BASKETBALL 2.mp4,BASKETBALL3,K_01_013
P29,6957353982650047-DOLPHIN 3.mp4,DOLPHIN3,K_03_032
P29,6319770502956026-RIGHT 3.mp4,RIGHT3,J_03_095
P29,8943085679831104-DEFLATE.mp4,DEFLATE,E_01_079
P33,7036076708506829-DINNER.mp4,DINNER1,G_03_044
P33,4172639647210721-DOG 4.mp4,DOG4,H_02_103
P33,11304075376549783-SWEETHEART.mp4,SWEETHEART,H_02_005
P33,1930301233064251-IMAGINE 2.mp4,IMAGINE2,K_03_020
P33,7909365370741122-CHRISTMAS 2.mp4,CHRISTMAS2,J_03_061
P33,001531801362371743-YELLOW.mp4,YELLOW,D_01_020
P33,06032465279599819-GRIEVE.mp4,GRIEVE,E_03_100
P33,27968034526565044-COCAINE.mp4,COCAINE,F_03_044
P33,0028368024574920714-POPE.mp4,POPE,G_02_077
P33,2819155812048335-WHEELBARROW.mp4,WHEELBARROW,F_03_070
P33,050364485120873326-YES.mp4,YES,G_03_074
P33,2773799448217731-COMFORTABLE.mp4,COMFORTABLE,H_03_058
P33,41150003782117883-WRONG.mp4,WRONG,B_01_055
P33,14291208231794506-BIRTH.mp4,BIRTH,C_02_076
P33,9238346529456221-SKATEBOARDING.mp4,SKATEBOARDING1,C_02_052
P33,7156743305381184-BAR.mp4,BAR,A_03_072
P33,12010700215949965-CUTE.mp4,CUTE1,C_01_045
P33,5202177906313938-BREAKDOWN.mp4,BREAKDOWN2,B_01_064
P33,8543628437567765-COLD.mp4,COLD,C_02_068
P33,90310662847368-TRANSLATE.mp4,TRANSLATE,D_01_080
P33,4404458757184597-CHEAP.mp4,CHEAP,F_02_056
P33,2776827905192156-BANDAGE.mp4,BANDAGE,F_03_020
P33,5581925189578962-BEE.mp4,BEE1,J_02_101
P33,7884765686279551-WALLET.mp4,WALLET,F_01_081
P33,06131823386898638-BEFORE.mp4,BEFORE,G_02_053
P30,34552973051073144-SPAIN.mp4,SPAIN,G_01_094
P33,409616202163986-FRAUD.mp4,FRAUD,D_02_070
P33,47255809726893805-TOAST.mp4,TOAST,D_02_080
P33,6407120752038269-SCULPTURE.mp4,SCULPTURE,E_03_045
P29,7316107846363065-LOBSTER.mp4,LOBSTER1,D_01_072
P29,31531193848545236-SPAIN.mp4,SPAIN,G_01_094
P29,2993628069111187-BEG.mp4,BEG,F_02_037
P29,13043765845946953-RACE.mp4,RACE,F_02_075
P29,6816325627214779-DREADLOCKS.mp4,DREADLOCKS,G_02_069
P33,11052983155454288-PERCEIVE.mp4,PERCEIVE,J_02_063
P29,39360039154962245-INDIAN.mp4,INDIAN,C_03_009
P29,9681126435906342-ZOO.mp4,ZOO,E_03_042
P29,29549243199718456-GUIDE.mp4,GUIDE,E_03_057
P29,7383109112411155-CRACK.mp4,CRACK,F_03_067
P29,17411166247412857-DINNER.mp4,DINNER1,G_03_044
P33,5736063075890796-ON.mp4,ON,E_03_004
P33,9698149462412251-SWIM.mp4,SWIM1,E_03_053
P33,2767275660812152-CHOKE.mp4,CHOKE,G_01_079
P33,3304102744683066-TENDENCY.mp4,TENDENCY,G_03_089
P33,7626556230373673-SPECIAL 2.mp4,SPECIAL2,H_01_068
P33,1931942871582979-SCOUT.mp4,SCOUT,H_02_099
P33,35455326759088757-SWEAT.mp4,SWEAT,H_02_051
P33,7211284224503143-BLANK.mp4,BLANK,H_02_006
P33,4919382133177521-PHILADELPHIA.mp4,PHILADELPHIA,H_02_023
P33,24357943868320242-SHOOT.mp4,SHOOT1,J_01_024
P33,012888306018103979-ITCH.mp4,ITCH,J_01_068
P33,4102591799248483-TABLET.mp4,TABLET,K_02_126
P33,9648109090724843-CHEW 3.mp4,CHEW3,K_02_041
P33,3627854009091993-CORKSCREW 2.mp4,CORKSCREW1,K_01_085
P33,9884802661426331-BASKETBALL 2.mp4,BASKETBALL3,K_01_013
P33,4188872435332016-DOLPHIN 3.mp4,DOLPHIN3,K_03_032
P33,2690137860549029-RIGHT 3.mp4,RIGHT3,J_03_095
P33,013324398397707604-DEFLATE.mp4,DEFLATE,E_01_079
P33,3490634810717197-MICROWAVE.mp4,MICROWAVE,A_02_043
P33,356339627369483-BALLOON.mp4,BALLOON,A_02_086
P33,11400665722505354-SOCKS.mp4,SOCKS,A_03_033
P33,11275273156810672-BOOK.mp4,BOOK,A_01_027
P33,3715009284075741-COCONUT.mp4,COCONUT,A_02_088
P33,5092855343222116-PILL.mp4,PILL,B_01_050
P33,8849980218955149-MOTHER.mp4,MOTHER,B_02_008
P33,556637926515527-BELT.mp4,BELT1,A_03_036
P33,22211749937333924-SAME 2.mp4,SAME2,B_02_013
P33,9851229805683135-MUSEUM.mp4,MUSEUM,C_01_024
P33,6647769166895752-TYPE 2.mp4,TYPE2,B_01_056
P33,31970018406249-PICTURE.mp4,PICTURE,A_02_042
P33,5898540129924263-LETTUCE 2.mp4,LETTUCE2,B_01_073
P33,5042139655774027-FIGHT.mp4,FIGHT,B_03_058
P33,23899976351396002-EXERCISE.mp4,EXERCISE,C_01_084
P33,38255051289109776-LATE.mp4,LATE,C_01_013
P33,048330013720065734-PINK.mp4,PINK,C_01_074
P33,7455948118093856-MORE.mp4,MORE,B_03_032
P33,8556873920763286-RUDE.mp4,RUDE,B_01_026
P33,6174979619540446-GREEN.mp4,GREEN,B_02_085
P33,08116096371059345-CAPTURE.mp4,CAPTURE,H_03_048
P33,3444652245525106-FAIL.mp4,FAIL,H_01_077
P33,1386117593806433-COMMUNITY.mp4,COMMUNITY,J_01_015
P33,4424808687094244-LEND.mp4,LEND,J_01_088
P33,10471830552322436-PILLOW 2.mp4,PILLOW2,K_01_097
P33,9106863978625073-SNOW 2.mp4,SNOW2,K_03_081
P33,7657802804409537-NEED.mp4,NEED,C_02_034
P33,8210171109248885-FULL.mp4,FULL,D_02_048
P33,29357850536550645-CRAZY.mp4,CRAZY,D_03_040
P33,7381266717111188-SCAN.mp4,SCAN,C_03_039
P33,2769158042026625-CORKSCREW.mp4,CORKSCREW2,D_01_053
P33,9410271651449995-DROWN.mp4,DROWN3,D_01_017
P29,7982390467370573-IMAGINE 2.mp4,IMAGINE2,K_03_020
P29,12082055193242414-CHRISTMAS 2.mp4,CHRISTMAS2,J_03_061
P33,232976807987606-BEG.mp4,BEG,F_02_037
P33,38253788313087966-RACE.mp4,RACE,F_02_075
P33,4082105547676713-DREADLOCKS.mp4,DREADLOCKS,G_02_069
P33,896380343727526-WHILE.mp4,WHILE,H_02_032
P33,7654724343975898-ICE.mp4,ICE,G_03_020
P33,18433590632528785-ADMIRE.mp4,ADMIRE,J_03_049
P33,6360751054459091-ZOO.mp4,ZOO,E_03_042
P33,0004970838496565211-GUIDE.mp4,GUIDE,E_03_057
P29,0387780746035038-YELLOW.mp4,YELLOW,D_01_020
P29,06514464980507961-GRIEVE.mp4,GRIEVE,E_03_100
P29,8771685364164121-COCAINE.mp4,COCAINE,F_03_044
P29,8486421429964137-POPE.mp4,POPE,G_02_077
P29,7213806053030343-WHEELBARROW.mp4,WHEELBARROW,F_03_070
P29,15689453699180178-YES.mp4,YES,G_03_074
P29,5441394862381927-COMFORTABLE.mp4,COMFORTABLE,H_03_058
P33,6169131385575848-CRACK.mp4,CRACK,F_03_067
P33,7958992072277316-PEACH.mp4,PEACH1,A_01_070
P33,030962170980777914-BRA.mp4,BRA1,A_03_028
P33,017701965050055835-SOAP.mp4,SOAP1,A_01_084
P29,25115850829921116-CUTE.mp4,CUTE1,C_01_045
P29,6154956227831618-BREAKDOWN.mp4,BREAKDOWN2,B_01_064
P29,9912276588256546-COLD.mp4,COLD,C_02_068
P29,6685167147253079-TRANSLATE.mp4,TRANSLATE,D_01_080
P29,587855363585368-CHEAP.mp4,CHEAP,F_02_056
P29,7861613528273372-BANDAGE.mp4,BANDAGE,F_03_020
P29,5651369382000921-BEE.mp4,BEE1,J_02_101
P29,9113297013660977-WALLET.mp4,WALLET,F_01_081
P29,4446495422982424-BEFORE.mp4,BEFORE,G_02_053
P33,27755435498475123-DEVIL.mp4,DEVIL,A_01_079
P33,61385485975828-INSULT.mp4,INSULT,A_03_006
P33,10597148623900776-CARROT.mp4,CARROT1,A_02_083
P33,6509431752485768-ASIA.mp4,ASIA,A_01_078
P33,17279354817879944-FLUTE.mp4,FLUTE,E_02_036
P33,06835081820948452-LESS.mp4,LESS,E_02_043
P33,5862477312285639-DOG 4.mp4,DOG4,H_02_103
P33,23325243527362427-SCULPTURE.mp4,SCULPTURE,E_03_045
P33,5274810899773681-ON.mp4,ON,E_03_004
P33,7041310892185437-SWIM.mp4,SWIM1,E_03_053
P33,724110224078814-CHOKE.mp4,CHOKE,G_01_079
P33,42185819073851305-TENDENCY.mp4,TENDENCY,G_03_089
P33,2210344813558851-SPECIAL 2.mp4,SPECIAL2,H_01_068
P33,10950966126931405-SCOUT.mp4,SCOUT,H_02_099
P33,9985987683973114-SWEAT.mp4,SWEAT,H_02_051
P33,9644775069032523-BLANK.mp4,BLANK,H_02_006
P33,35328252635996304-PHILADELPHIA.mp4,PHILADELPHIA,H_02_023
P33,6507968748831923-SHOOT.mp4,SHOOT1,J_01_024
P33,30597365791677134-ITCH.mp4,ITCH,J_01_068
P33,6805997406290862-TABLET.mp4,TABLET,K_02_126
P11,849004398239543-CHEW 3.mp4,CHEW3,K_02_041
P11,9049156498845972-CORKSCREW 2.mp4,CORKSCREW1,K_01_085
P11,2868450170530843-BASKETBALL 2.mp4,BASKETBALL3,K_01_013
P11,42093837402571443-DOLPHIN 3.mp4,DOLPHIN3,K_03_032
P11,6467119732409996-INDIAN.mp4,INDIAN,C_03_009
P11,6197383929882432-RIGHT 3.mp4,RIGHT3,J_03_095
P11,17693167568895407-DEFLATE.mp4,DEFLATE,E_01_079
P11,6427207676615119-DINNER.mp4,DINNER1,G_03_044
P11,552248669313157-DOG 4.mp4,DOG4,H_02_103
P11,9249309613792387-SWEETHEART.mp4,SWEETHEART,H_02_005
P11,5483588620169273-IMAGINE 2.mp4,IMAGINE2,K_03_020
P11,9543788358733916-CHRISTMAS 2.mp4,CHRISTMAS2,J_03_061
P11,9884635050419721-YELLOW.mp4,YELLOW,D_01_020
P11,3557292798512601-GRIEVE.mp4,GRIEVE,E_03_100
P11,7041649991761532-COCAINE.mp4,COCAINE,F_03_044
P11,6458854256203668-POPE.mp4,POPE,G_02_077
P29,9779373069612192-WRONG.mp4,WRONG,B_01_055
P29,6214175522952146-BIRTH.mp4,BIRTH,C_02_076
P29,37304066549179504-SKATEBOARDING.mp4,SKATEBOARDING1,C_02_052
P29,41381456686373874-BAR.mp4,BAR,A_03_072
P29,32682862970131943-BOOK.mp4,BOOK,A_01_027
P29,4013774370902221-CAPTURE.mp4,CAPTURE,H_03_048
P29,8111888195552632-FAIL.mp4,FAIL,H_01_077
P29,29327027402826245-CHEW 3.mp4,CHEW3,K_02_041
P29,49947693540221505-CORKSCREW 2.mp4,CORKSCREW1,K_01_085
P51,8217751196334051-CHEW 3.mp4,CHEW3,K_02_041
P51,8702566072565716-CORKSCREW 2.mp4,CORKSCREW1,K_01_085
P29,27993271241210227-BASKETBALL 2.mp4,BASKETBALL3,K_01_013
P29,0604515257296967-DOLPHIN 3.mp4,DOLPHIN3,K_03_032
P29,4738790658820944-INDIAN.mp4,INDIAN,C_03_009
P29,38695456288675967-RIGHT 3.mp4,RIGHT3,J_03_095
P51,7203692682452196-BASKETBALL 2.mp4,BASKETBALL3,K_01_013
P51,11224985308271385-DOLPHIN 3.mp4,DOLPHIN3,K_03_032
P51,1620197475308156-INDIAN.mp4,INDIAN,C_03_009
P51,08375465135264393-RIGHT 3.mp4,RIGHT3,J_03_095
P51,9927623658925582-DEFLATE.mp4,DEFLATE,E_01_079
P51,158900441545911-DINNER.mp4,DINNER1,G_03_044
P51,44416976736856184-DOG 4.mp4,DOG4,H_02_103
P29,2942718397772792-WHEELBARROW.mp4,WHEELBARROW,F_03_070
P29,9092689562509508-YES.mp4,YES,G_03_074
P29,5824371437541709-COMFORTABLE.mp4,COMFORTABLE,H_03_058
P29,2328534203531023-LOBSTER.mp4,LOBSTER1,D_01_072
P29,481950778157211-CUTE.mp4,CUTE1,C_01_045
P29,48103735879064113-BREAKDOWN.mp4,BREAKDOWN2,B_01_064
P29,40997457816037786-COLD.mp4,COLD,C_02_068
P29,08832167313963324-TRANSLATE.mp4,TRANSLATE,D_01_080
P29,525148093067519-CHEAP.mp4,CHEAP,F_02_056
P29,956547887765071-BANDAGE.mp4,BANDAGE,F_03_020
P11,9184459435362722-MICROWAVE.mp4,MICROWAVE,A_02_043
P11,9609863096260169-BALLOON.mp4,BALLOON,A_02_086
P11,23443422608254694-SOCKS.mp4,SOCKS,A_03_033
P11,37697269669598743-COCONUT.mp4,COCONUT,A_02_088
P11,934430524189287-PILL.mp4,PILL,B_01_050
P11,5016352016219428-MOTHER.mp4,MOTHER,B_02_008
P11,5159109497315042-BELT.mp4,BELT1,A_03_036
P11,12445787513997142-SAME 2.mp4,SAME2,B_02_013
P11,02149450561916666-MUSEUM.mp4,MUSEUM,C_01_024
P11,9051949320948878-TYPE 2.mp4,TYPE2,B_01_056
P11,9753129311597335-PICTURE.mp4,PICTURE,A_02_042
P11,1255028230741566-LETTUCE 2.mp4,LETTUCE2,B_01_073
P11,026105860857515317-FIGHT.mp4,FIGHT,B_03_058
P11,3944882303276305-EXERCISE.mp4,EXERCISE,C_01_084
P11,8548458936717012-LATE.mp4,LATE,C_01_013
P11,9692739680851399-PINK.mp4,PINK,C_01_074
P11,05959007956304285-MORE.mp4,MORE,B_03_032
P11,6190089130982741-RUDE.mp4,RUDE,B_01_026
P11,2629996520868716-GREEN.mp4,GREEN,B_02_085
P11,18374611214830772-FRAUD.mp4,FRAUD,D_02_070
P11,41334461156967506-TOAST.mp4,TOAST,D_02_080
P11,9443852783612172-SCULPTURE.mp4,SCULPTURE,E_03_045
P11,07516291490668503-COMMUNITY.mp4,COMMUNITY,J_01_015
P11,014118723195684968-LEND.mp4,LEND,J_01_088
P11,3430888344580414-PERCEIVE.mp4,PERCEIVE,J_02_063
P11,6964512537386214-PILLOW 2.mp4,PILLOW2,K_01_097
P11,7592054256105005-SNOW 2.mp4,SNOW2,K_03_081
P11,5754719885013022-NEED.mp4,NEED,C_02_034
P11,1802107028588713-FULL.mp4,FULL,D_02_048
P11,4072740971688409-CRAZY.mp4,CRAZY,D_03_040
P11,24483667508082507-ON.mp4,ON,E_03_004
P11,2647980963880656-SWIM.mp4,SWIM1,E_03_053
P11,15538957240571727-CHOKE.mp4,CHOKE,G_01_079
P11,05196955303761386-TENDENCY.mp4,TENDENCY,G_03_089
P11,6237384788034996-SPECIAL 2.mp4,SPECIAL2,H_01_068
P11,33704836209027045-SCOUT.mp4,SCOUT,H_02_099
P11,06916785652169821-SWEAT.mp4,SWEAT,H_02_051
P11,42213418826379145-BLANK.mp4,BLANK,H_02_006
P11,2589834497012111-PHILADELPHIA.mp4,PHILADELPHIA,H_02_023
P11,8998292679056923-SHOOT.mp4,SHOOT1,J_01_024
P11,5898056270214707-ITCH.mp4,ITCH,J_01_068
P11,396826905656696-TABLET.mp4,TABLET,K_02_126
P11,25990369289565907-SCAN.mp4,SCAN,C_03_039
P11,780651801711858-CORKSCREW.mp4,CORKSCREW2,D_01_053
P11,6598380675836313-DROWN.mp4,DROWN3,D_01_017
P11,8277000045994012-BEG.mp4,BEG,F_02_037
P11,7780403479706093-RACE.mp4,RACE,F_02_075
P11,9214405974294881-DREADLOCKS.mp4,DREADLOCKS,G_02_069
P11,8121726394969304-WHILE.mp4,WHILE,H_02_032
P11,09714226525049896-ICE.mp4,ICE,G_03_020
P11,7843640568977861-ADMIRE.mp4,ADMIRE,J_03_049
P11,7413431538881681-ZOO.mp4,ZOO,E_03_042
P11,8238857830127029-GUIDE.mp4,GUIDE,E_03_057
P11,2261825535225559-CRACK.mp4,CRACK,F_03_067
P11,5056271570503592-WHEELBARROW.mp4,WHEELBARROW,F_03_070
P11,15498675309554577-YES.mp4,YES,G_03_074
P11,409258811149674-COMFORTABLE.mp4,COMFORTABLE,H_03_058
P11,6399457944804265-WRONG.mp4,WRONG,B_01_055
P11,8508458801037391-BIRTH.mp4,BIRTH,C_02_076
P11,9640285084368438-LOBSTER.mp4,LOBSTER1,D_01_072
P11,6549968542426465-SKATEBOARDING.mp4,SKATEBOARDING1,C_02_052
P11,6687952807572-BAR.mp4,BAR,A_03_072
P11,8468061572310492-CUTE.mp4,CUTE1,C_01_045
P11,4037307171992752-BREAKDOWN.mp4,BREAKDOWN2,B_01_064
P11,9157460455592226-COLD.mp4,COLD,C_02_068
P11,04067548297534063-TRANSLATE.mp4,TRANSLATE,D_01_080
P11,27479460611822826-CHEAP.mp4,CHEAP,F_02_056
P11,8236858248156935-BANDAGE.mp4,BANDAGE,F_03_020
P11,21912688008400893-BEE.mp4,BEE1,J_02_101
P11,7408130865318614-WALLET.mp4,WALLET,F_01_081
P11,5486612939933115-BEFORE.mp4,BEFORE,G_02_053
P11,5286195711234929-SPAIN.mp4,SPAIN,G_01_094
P11,6684514881248997-PEACH.mp4,PEACH1,A_01_070
P11,7200174413260487-BRA.mp4,BRA1,A_03_028
P11,018113035376902342-SOAP.mp4,SOAP1,A_01_084
P11,5416627742519495-DEVIL.mp4,DEVIL,A_01_079
P11,8340037408893959-INSULT.mp4,INSULT,A_03_006
P11,35577698333107777-BOOK.mp4,BOOK,A_01_027
P11,8487979402663774-CARROT.mp4,CARROT1,A_02_083
P11,4910708884771491-ASIA.mp4,ASIA,A_01_078
P11,985476122931447-FLUTE.mp4,FLUTE,E_02_036
P11,2820819348517285-CAPTURE.mp4,CAPTURE,H_03_048
P11,07647560910038198-FAIL.mp4,FAIL,H_01_077
P11,7172635775819549-LESS.mp4,LESS,E_02_043
P11,72610541847603-SWEETHEART.mp4,SWEETHEART,H_02_005
P11,6808339541507917-IMAGINE 2.mp4,IMAGINE2,K_03_020
P11,27783930381911026-CHRISTMAS 2.mp4,CHRISTMAS2,J_03_061
P11,8266474432111652-YELLOW.mp4,YELLOW,D_01_020
P11,22436463006068563-GRIEVE.mp4,GRIEVE,E_03_100
P30,0930323219427005-SWEETHEART.mp4,SWEETHEART,H_02_005
P51,10278942340284503-MOTHER.mp4,MOTHER,B_02_008
P51,8980779876724378-BELT.mp4,BELT1,A_03_036
P51,03441011335558586-SAME 2.mp4,SAME2,B_02_013
P51,10100535662444976-MUSEUM.mp4,MUSEUM,C_01_024
P51,5559484499986789-TYPE 2.mp4,TYPE2,B_01_056
P51,45370528132202237-PICTURE.mp4,PICTURE,A_02_042
P51,7127420847542052-LETTUCE 2.mp4,LETTUCE2,B_01_073
P51,18204493559562063-FRAUD.mp4,FRAUD,D_02_070
P51,24007429367184185-TOAST.mp4,TOAST,D_02_080
P51,9512649219388134-SCULPTURE.mp4,SCULPTURE,E_03_045
P30,12206163597044473-COCONUT.mp4,COCONUT,A_02_088
P30,7288472146599023-PILL.mp4,PILL,B_01_050
P51,3658178477052487-PERCEIVE.mp4,PERCEIVE,J_02_063
P51,4850265215935283-SNOW 2.mp4,SNOW2,K_03_081
P51,6613716577421236-NEED.mp4,NEED,C_02_034
P51,842406547889121-FULL.mp4,FULL,D_02_048
P51,9540025372456131-CRAZY.mp4,CRAZY,D_03_040
P51,18797351886087754-WHILE.mp4,WHILE,H_02_032
P51,48540306295252633-ICE.mp4,ICE,G_03_020
P51,8231327421574146-ADMIRE.mp4,ADMIRE,J_03_049
P51,8347713813805149-ZOO.mp4,ZOO,E_03_042
P51,7334505464094678-GUIDE.mp4,GUIDE,E_03_057
P51,06831273461752496-CRACK.mp4,CRACK,F_03_067
P51,47469720851700825-COCAINE.mp4,COCAINE,F_03_044
P27,5152095441557509-POPE.mp4,POPE,G_02_077
P27,14869733135684404-COMFORTABLE.mp4,COMFORTABLE,H_03_058
P27,6740161441201533-WRONG.mp4,WRONG,B_01_055
P27,39662652356381645-BIRTH.mp4,BIRTH,C_02_076
P27,5292455380616685-LOBSTER.mp4,LOBSTER1,D_01_072
P27,8794083705283302-SKATEBOARDING.mp4,SKATEBOARDING1,C_02_052
P27,607917312451786-BAR.mp4,BAR,A_03_072
P28,1911813370069868-DINNER.mp4,DINNER1,G_03_044
P28,30343327852956437-DOG 4.mp4,DOG4,H_02_103
P28,581409606706454-POPE.mp4,POPE,G_02_077
P28,5211286267015838-COMFORTABLE.mp4,COMFORTABLE,H_03_058
P28,1839830786804999-WRONG.mp4,WRONG,B_01_055
P28,7396937436393423-BIRTH.mp4,BIRTH,C_02_076
P28,7704099422426924-LOBSTER.mp4,LOBSTER1,D_01_072
P27,46699947315402235-SPAIN.mp4,SPAIN,G_01_094
P27,47482027320845877-MICROWAVE.mp4,MICROWAVE,A_02_043
P27,0465740862413635-BALLOON.mp4,BALLOON,A_02_086
P27,923046106069733-SOCKS.mp4,SOCKS,A_03_033
P27,17312013146350735-PEACH.mp4,PEACH1,A_01_070
P27,5073457860237574-BRA.mp4,BRA1,A_03_028
P27,006665635010454363-SOAP.mp4,SOAP1,A_01_084
P51,8590067560421342-FIGHT.mp4,FIGHT,B_03_058
P51,5168218379131855-EXERCISE.mp4,EXERCISE,C_01_084
P51,33487098254472314-LATE.mp4,LATE,C_01_013
P51,33564286997298365-PINK.mp4,PINK,C_01_074
P51,7267227999834953-MORE.mp4,MORE,B_03_032
P51,16662141817137988-RUDE.mp4,RUDE,B_01_026
P51,7390455024509361-GREEN.mp4,GREEN,B_02_085
P51,24961240511448746-FLUTE.mp4,FLUTE,E_02_036
P51,48844476801374737-CAPTURE.mp4,CAPTURE,H_03_048
P51,8026551351129656-FAIL.mp4,FAIL,H_01_077
P51,5151101964511462-COMMUNITY.mp4,COMMUNITY,J_01_015
P51,8556276585939666-LEND.mp4,LEND,J_01_088
P51,7708508234325764-PILLOW 2.mp4,PILLOW2,K_01_097
P30,4865367417269335-BOOK.mp4,BOOK,A_01_027
P30,012877022575290109-MOTHER.mp4,MOTHER,B_02_008
P30,6179305716203018-BELT.mp4,BELT1,A_03_036
P30,4424237168805609-SAME 2.mp4,SAME2,B_02_013
P27,47647995802597687-DEVIL.mp4,DEVIL,A_01_079
P27,31352453239873346-INSULT.mp4,INSULT,A_03_006
P27,2993461838641831-MUSEUM.mp4,MUSEUM,C_01_024
P27,2686461750809501-TYPE 2.mp4,TYPE2,B_01_056
P27,364409146578186-PICTURE.mp4,PICTURE,A_02_042
P27,7156452823867845-LETTUCE 2.mp4,LETTUCE2,B_01_073
P27,9085100357183686-FRAUD.mp4,FRAUD,D_02_070
P27,4784163300241906-CUTE.mp4,CUTE1,C_01_045
P27,6596464113145362-BREAKDOWN.mp4,BREAKDOWN2,B_01_064
P27,39992598966476045-COLD.mp4,COLD,C_02_068
P27,6171957976919156-TRANSLATE.mp4,TRANSLATE,D_01_080
P27,7439664407595352-CHEAP.mp4,CHEAP,F_02_056
P27,31164772576296285-BANDAGE.mp4,BANDAGE,F_03_020
P27,6300556831725792-BEE.mp4,BEE1,J_02_101
P27,20241896574343965-WALLET.mp4,WALLET,F_01_081
P27,147667439674817-BEFORE.mp4,BEFORE,G_02_053
P27,5250420040806927-BOOK.mp4,BOOK,A_01_027
P27,9985918360149133-CARROT.mp4,CARROT1,A_02_083
P27,49499469469056345-ASIA.mp4,ASIA,A_01_078
P27,0570575565446112-FIGHT.mp4,FIGHT,B_03_058
P27,854519420314181-EXERCISE.mp4,EXERCISE,C_01_084
P27,1727677151186191-LATE.mp4,LATE,C_01_013
P27,8195877851123277-PINK.mp4,PINK,C_01_074
P27,013724247293201763-MORE.mp4,MORE,B_03_032
P27,04534984473869952-RUDE.mp4,RUDE,B_01_026
P27,4814523339678962-TOAST.mp4,TOAST,D_02_080
P27,6191276155662531-SCULPTURE.mp4,SCULPTURE,E_03_045
P27,3871471041315391-WHEELBARROW.mp4,WHEELBARROW,F_03_070
P27,32941176670637984-YES.mp4,YES,G_03_074
P27,5676513313964389-COCONUT.mp4,COCONUT,A_02_088
P27,23590390733209876-PILL.mp4,PILL,B_01_050
P27,4180449729122828-BELT.mp4,BELT1,A_03_036
P27,46307633640967283-SAME 2.mp4,SAME2,B_02_013
P27,3223491372772138-GREEN.mp4,GREEN,B_02_085
P27,21362573588805733-MOTHER.mp4,MOTHER,B_02_008
P27,9018205488483313-SOAP.mp4,SOAP1,A_01_084
P27,1817827346985017-DEVIL.mp4,DEVIL,A_01_079
P27,6924047230599677-INSULT.mp4,INSULT,A_03_006
P27,8324098934706567-ON.mp4,ON,E_03_004
P27,571153167466111-SWIM.mp4,SWIM1,E_03_053
P27,8819950066894173-CHOKE.mp4,CHOKE,G_01_079
P27,7294625617332371-TENDENCY.mp4,TENDENCY,G_03_089
P27,05158694099245498-SPECIAL 2.mp4,SPECIAL2,H_01_068
P27,3239294250240976-SCOUT.mp4,SCOUT,H_02_099
P27,23333001477217108-SWEAT.mp4,SWEAT,H_02_051
P27,9635108052884258-BLANK.mp4,BLANK,H_02_006
P27,056110340233121114-PHILADELPHIA.mp4,PHILADELPHIA,H_02_023
P27,23308010040417604-SHOOT.mp4,SHOOT1,J_01_024
P30,2680089247113313-COCAINE.mp4,COCAINE,F_03_044
P30,6821662792914551-WRONG.mp4,WRONG,B_01_055
P30,005405285655335268-BIRTH.mp4,BIRTH,C_02_076
P30,0485736409209927-SKATEBOARDING.mp4,SKATEBOARDING1,C_02_052
P30,8363370880361629-BAR.mp4,BAR,A_03_072
P30,5989504147434732-MICROWAVE.mp4,MICROWAVE,A_02_043
P30,9729105480015954-BALLOON.mp4,BALLOON,A_02_086
P30,16158630824606268-SOCKS.mp4,SOCKS,A_03_033
P30,46752240035541837-CAPTURE.mp4,CAPTURE,H_03_048
P30,8846528117185832-FAIL.mp4,FAIL,H_01_077
P14,05614324049060748-SPAIN.mp4,SPAIN,G_01_094
P14,917086698407702-PEACH.mp4,PEACH1,A_01_070
P14,27204358365821046-CARROT.mp4,CARROT1,A_02_083
P14,4617680889892948-ASIA.mp4,ASIA,A_01_078
P52,9645242727912822-seedWRONG.mp4,WRONG,B_01_055
P52,21014884099639053-seedBIRTH.mp4,BIRTH,C_02_076
P52,988461318297079-seedSKATEBOARDING.mp4,SKATEBOARDING1,C_02_052
P52,6041494320502172-seedBAR.mp4,BAR,A_03_072
P52,32147713012669854-seedCUTE.mp4,CUTE1,C_01_045
P52,29031312343844684-seedBREAKDOWN.mp4,BREAKDOWN2,B_01_064
P52,6113894949381462-seedCOLD.mp4,COLD,C_02_068
P52,923366471300946-seedTRANSLATE.mp4,TRANSLATE,D_01_080
P52,5650684815097224-seedCHEAP.mp4,CHEAP,F_02_056
P52,4451521527224398-seedBANDAGE.mp4,BANDAGE,F_03_020
P52,8767360648272802-seedBEE.mp4,BEE1,J_02_101
P52,9984777790013477-seedWALLET.mp4,WALLET,F_01_081
P52,8509389835079619-seedBEFORE.mp4,BEFORE,G_02_053
P52,6375985834751288-seedSPAIN.mp4,SPAIN,G_01_094
P52,45332557324729295-seedMICROWAVE.mp4,MICROWAVE,A_02_043
P52,9339873750938101-seedBALLOON.mp4,BALLOON,A_02_086
P52,6524458748742343-seedSOCKS.mp4,SOCKS,A_03_033
P52,6455052103005161-seedPEACH.mp4,PEACH1,A_01_070
P52,9728367855810556-seedBRA.mp4,BRA1,A_03_028
P52,3002657737190646-seedSOAP.mp4,SOAP1,A_01_084
P52,7382376762016947-seedDEVIL.mp4,DEVIL,A_01_079
P52,10313835402271332-seedINSULT.mp4,INSULT,A_03_006
P52,570638014197151-seedBOOK.mp4,BOOK,A_01_027
P52,7919294302265225-seedCARROT.mp4,CARROT1,A_02_083
P52,9860883111821679-seedASIA.mp4,ASIA,A_01_078
P52,15472336219623406-seedCOCONUT.mp4,COCONUT,A_02_088
P52,09949782297796594-seedPILL.mp4,PILL,B_01_050
P52,5651079602343521-seedMOTHER.mp4,MOTHER,B_02_008
P52,9695083719808497-seedBELT.mp4,BELT1,A_03_036
P52,7874979779434099-seedSAME 2.mp4,SAME2,B_02_013
P52,546433974490776-seedMUSEUM.mp4,MUSEUM,C_01_024
P52,08949828665549275-seedTYPE.mp4,TYPE2,B_01_056
P52,8509786631486835-seedPICTURE.mp4,PICTURE,A_02_042
P52,8653424219148769-seedLETTUCE.mp4,LETTUCE2,B_01_073
P52,4502648904561197-seedFIGHT.mp4,FIGHT,B_03_058
P52,06620672033668562-seedEXERCISE.mp4,EXERCISE,C_01_084
P52,8573035162931504-seedLATE.mp4,LATE,C_01_013
P52,632595169762806-seedPINK.mp4,PINK,C_01_074
P52,7570971556194199-seedMORE.mp4,MORE,B_03_032
P52,902264880602935-seedRUDE.mp4,RUDE,B_01_026
P52,8530574286013528-seedGREEN.mp4,GREEN,B_02_085
P52,6611893633042589-seedFRAUD.mp4,FRAUD,D_02_070
P52,18513914748729787-seedTOAST.mp4,TOAST,D_02_080
P52,2660977416707033-seedSCULPTURE.mp4,SCULPTURE,E_03_045
P52,18732869532735785-seedFLUTE.mp4,FLUTE,E_02_036
P52,9608443059891307-seedCAPTURE.mp4,CAPTURE,H_03_048
P52,6109154861079251-seedFAIL.mp4,FAIL,H_01_077
P52,9667315918392063-seedCOMMUNITY.mp4,COMMUNITY,J_01_015
P52,5477952997100279-seedLEND.mp4,LEND,J_01_088
P52,23741805397720395-seedPERCEIVE.mp4,PERCEIVE,J_02_063
P52,2935048980061541-seedPILLOW 2.mp4,PILLOW2,K_01_097
P52,6284005306614739-seedSNOW 2.mp4,SNOW2,K_03_081
P52,8172430267718573-seedNEED.mp4,NEED,C_02_034
P52,06392403152957393-seedFULL.mp4,FULL,D_02_048
P52,5712388603966072-seedCRAZY.mp4,CRAZY,D_03_040
P52,34078816314143934-seedON.mp4,ON,E_03_004
P52,7103817720443091-seedSWIM.mp4,SWIM1,E_03_053
P52,7059228147774206-seedCHOKE.mp4,CHOKE,G_01_079
P52,20907989935301186-seedTENDENCY.mp4,TENDENCY,G_03_089
P52,44110955149255715-seedSPECIAL.mp4,SPECIAL2,H_01_068
P52,09074612554930805-seedSCOUT.mp4,SCOUT,H_02_099
P52,5695959214502808-seedSWEAT.mp4,SWEAT,H_02_051
P52,4083942698136047-seedBLANK.mp4,BLANK,H_02_006
P52,32886292339677814-seedPHILADELPHIA.mp4,PHILADELPHIA,H_02_023
P52,2997135081705655-seedSHOOT.mp4,SHOOT1,J_01_024
P52,9120406069005775-seedITCH.mp4,ITCH,J_01_068
P52,8377890163429618-seedTABLET.mp4,TABLET,K_02_126
P52,9965827273228238-seedCHEW 3.mp4,CHEW3,K_02_041
P52,048555110662634515-seedCORKSCREW 2.mp4,CORKSCREW1,K_01_085
P52,5959659241308755-seedSCAN.mp4,SCAN,C_03_039
P52,2024981374339312-seedCORKSCREW.mp4,CORKSCREW2,D_01_053
P52,2942528647174554-seedDROWN.mp4,DROWN3,D_01_017
P52,7958050019646907-seedLESS.mp4,LESS,E_02_043
P52,2593370017110783-seedBEG.mp4,BEG,F_02_037
P52,05375377658392799-seedRACE.mp4,RACE,F_02_075
P52,04614967595687025-seedDREADLOCKS.mp4,DREADLOCKS,G_02_069
P52,5959494918549135-seedWHILE.mp4,WHILE,H_02_032
P52,5409015420466594-seedICE.mp4,ICE,G_03_020
P52,5992582838757834-seedADMIRE.mp4,ADMIRE,J_03_049
P52,41247241504607346-seedBASKETBALL.mp4,BASKETBALL3,K_01_013
P52,9140838896413761-seedDOLPHIN 3.mp4,DOLPHIN3,K_03_032
P52,08466717660023693-seedINDIAN.mp4,INDIAN,C_03_009
P52,5182853748069234-seedRIGHT 3.mp4,RIGHT3,J_03_095
P52,5153862844014905-seedDEFLATE.mp4,DEFLATE,E_01_079
P52,2271956364658163-seedZOO.mp4,ZOO,E_03_042
P52,06491382593184802-seedGUIDE.mp4,GUIDE,E_03_057
P52,06632850027587622-seedCRACK.mp4,CRACK,F_03_067
P52,9430861818262959-seedDINNER.mp4,DINNER1,G_03_044
P52,23056013632943473-seedDOG.mp4,DOG4,H_02_103
P52,8237349796298832-seedSWEETHEART.mp4,SWEETHEART,H_02_005
P52,03465204787375642-seedIMAGINE 2.mp4,IMAGINE2,K_03_020
P52,9664212830019143-seedCHRISTMAS.mp4,CHRISTMAS2,J_03_061
P52,7418828858707194-seedYELLOW.mp4,YELLOW,D_01_020
P52,9207665428704743-seedGRIEVE.mp4,GRIEVE,E_03_100
P52,9137307837865527-seedCOCAINE.mp4,COCAINE,F_03_044
P52,5056426233480906-seedPOPE.mp4,POPE,G_02_077
P52,1411414636663988-seedWHEELBARROW.mp4,WHEELBARROW,F_03_070
P52,6358167662084229-seedYES.mp4,YES,G_03_074
P52,4595251772384621-seedCOMFORTABLE.mp4,COMFORTABLE,H_03_058
