Participant ID,Video file,Gloss,ASL-LEX Code
P11,986033277728583-MOP 2.mp4,MOP2,K_02_064
P11,13757162107994114-NERVE.mp4,NERVE,G_02_045
P11,5862702307501606-WITH.mp4,WITH,C_02_074
P11,9277677084936913-EARTH.mp4,EARTH,C_03_002
P11,5397657526698554-TOW 3.mp4,TOW1,K_02_010
P11,35851426109574547-BOOTS.mp4,BOOTS2,C_03_019
P11,8615609384279268-DOG 3.mp4,DOG3,K_01_055
P11,849004398239543-CHEW 3.mp4,CHEW3,K_02_041
P11,6935446409947257-BLOW CANDLE_1.mp4,BLOWCANDLE1,K_01_070
P11,9049156498845972-CORKSCREW 2.mp4,CORKSCREW1,K_01_085
P11,18472614023605316-LEAF 2.mp4,LEAF2,K_02_073
P11,13789105358333797-NURSE.mp4,NURSE,C_03_065
P11,5000676807647162-THROW.mp4,THROW1,C_03_081
P11,3595603550310351-SWEATER 3.mp4,SWEATER1,K_02_090
P11,8725600271552014-FINALLY.mp4,FINALLY,D_01_012
P11,46090954553130903-CHEAT 2.mp4,CHEAT2,D_01_027
P11,7102758466372652-RACECAR TRACK.mp4,RACECARTRACK,K_02_121
P11,4555288618827582-HELICOPTER 2.mp4,HELICOPTER1,K_02_004
P11,27830885266372807-PECK.mp4,PECK,K_03_010
P11,33639446595353717-DOLPHIN 2.mp4,DOLPHIN2,K_02_021
P11,6072593098888408-STRAIN 1.mp4,STRAIN1,K_03_045
P11,25111790510667253-ARRIVE.mp4,ARRIVE,D_01_073
P11,7628184797758786-CAUSE.mp4,CAUSE,D_01_088
P11,9687081597071834-RUN FAUCET.mp4,RUNFAUCET,K_03_096
P11,8909158581024035-TRIM 1.mp4,TRIM2,K_03_111
P11,15931929677204293-STRETCH 2.mp4,STRETCH1,K_03_126
P11,7201530972532546-FILE 4.mp4,FILE2,K_02_036
P11,7631007467061068-DIP 3.mp4,DIP3,K_02_052
P11,6593045247860081-DUCK 2.mp4,DUCK1,K_02_068
P11,7913819073539805-STOCKINGS.mp4,STOCKINGS,E_01_061
P11,9689943177012852-EAR.mp4,EAR,D_02_071
P11,9986771625070636-NAVEL.mp4,NAVEL,E_03_007
P11,09553222336557976-HANDSOME 3.mp4,HANDSOME4,E_03_041
P11,2881529133537999-FIRETRUCK.mp4,FIRETRUCK,F_02_101
P11,8164441598673482-SLED 1.mp4,SLED1,F_01_010
P11,4196732067344118-SNAIL.mp4,SNAIL,G_01_067
P11,30009989507939916-REACT.mp4,REACT,H_03_065
P11,16599539144401065-FILE 2.mp4,FILE3,J_03_102
P11,9488148437843325-US.mp4,US,H_03_055
P11,010491997198803782-SEE SEE.mp4,SEESEE,J_03_004
P11,27110163096289175-ARIZONA.mp4,ARIZONA,J_03_022
P11,8103182433471758-MINE.mp4,MINE,K_01_030
P11,07827092047220785-MAINSTREAM.mp4,MAINSTREAM,J_03_037
P11,0961824677061136-HAWAII.mp4,HAWAII,J_03_054
P11,6441996441966049-PLUG 2.mp4,PLUG2,K_01_063
P11,31819154508938796-COMMITTEE.mp4,COMMITTEE,J_03_072
P11,9800433237353836-BLUR.mp4,BLUR,J_03_088
P11,9950540419371894-CRY 2.mp4,CRY2,K_01_003
P11,11631102928125969-SHARPEN 3.mp4,SHARPEN2,K_01_109
P11,2413888801728492-CRUMPLE.mp4,CRUMPLE,K_01_124
P11,2819946540026357-BURY 1.mp4,BURY2,K_02_014
P11,8082431773481109-TIE 2.mp4,TIE2,K_02_029
P11,8736789884070004-HOODIE 1.mp4,HOODIE1,K_02_044
P11,903648914325847-TURKEY 2.mp4,TURKEY2,K_01_036
P11,3854277812795517-KNIGHT 2.mp4,KNIGHT3,K_01_053
P11,0032435070931065013-THROW 2.mp4,THROW2,K_01_068
P11,7207588585013727-SPREAD 3.mp4,SPREAD2,K_01_083
P11,7366940837174691-TOW 2.mp4,TOW3,K_01_098
P11,5753780490470004-BURY 3.mp4,BURY3,K_02_093
P11,09702131904887823-AWARD.mp4,AWARD,K_01_114
P11,4430023203880953-BANANA 3.mp4,BANANA3,K_03_014
P11,7858747637168522-IDENTITY.mp4,IDENTITY,H_03_071
P11,7429782253083059-SUNRISE.mp4,SUNRISE,H_03_089
P11,648363559934048-ARM 3.mp4,ARM3,K_02_002
P11,027884804207046976-COMB 2.mp4,COMB1,K_03_065
P11,9764181543661083-GROUP.mp4,GROUP,J_01_001
P11,08978115228975736-BITE ON_ARM.mp4,BITEONARM,K_03_082
P11,06368191009321045-CASTLE 3.mp4,CASTLE3,K_02_019
P11,5252414789535589-HAT 2.mp4,HAT2,K_03_099
P11,7865144686287886-DEPARTMENT.mp4,DEPARTMENT,C_02_033
P11,27691618583089395-FORK 2.mp4,FORK1,K_02_050
P11,9975973567022367-NUT 2.mp4,NUT2,K_02_066
P11,5096837308258306-FOUL.mp4,FOUL,J_01_049
P11,6467119732409996-INDIAN.mp4,INDIAN,C_03_009
P11,22029025492474763-QM.mp4,QM,J_02_011
P11,7376959392336226-SLIP.mp4,SLIP2,J_02_030
P11,6188041581899866-MEDICINE.mp4,MEDICINE,C_03_040
P11,5035575757713251-MIX 2.mp4,MIX3,K_02_098
P11,9433070720856038-FORK 3.mp4,FORK2,K_03_003
P11,24437475145413878-TINY.mp4,TINY,K_03_019
P11,5332603758730681-ALL.mp4,ALL,C_03_088
P11,36136673206262326-COINS.mp4,COINS,D_01_018
P11,7012654228132358-ALL OVER.mp4,ALLOVER,J_02_064
P11,8325767434469971-TRIANGLE.mp4,TRIANGLE,J_02_080
P11,7214149245600223-CAT 3.mp4,CAT3,K_03_087
P11,12200866610984695-GET IN_BED.mp4,GETINBED,J_03_010
P11,8456565013518682-8 HOUR.mp4,8HOUR,C_02_055
P11,709888439477045-PEG.mp4,PEG1,D_02_006
P11,9240285928470171-MEAT.mp4,MEAT1,D_02_022
P11,7917410285738629-VLOG.mp4,VLOG,J_03_027
P11,08568928378144558-BLINDS 2.mp4,BLINDS2,C_03_014
P11,057782072480938806-CHEER.mp4,CHEER,J_03_060
P11,9639014243600763-GRAMMAR.mp4,GRAMMAR,J_03_078
P11,6197383929882432-RIGHT 3.mp4,RIGHT3,J_03_095
P11,1601310430251266-DOWNLOAD.mp4,DOWNLOAD,C_03_046
P11,10465249671049892-TEACH.mp4,TEACH1,D_02_052
P11,38129626421500484-VOICE.mp4,VOICE,C_03_061
P11,8803293533516114-WALK-TIGHTROPE-CL.mp4,WALK-TIGHTROPE-CL,K_01_024
P11,3724397433823383-BABY 2.mp4,BABY2,K_01_042
P11,32145290431071727-OFFEND.mp4,OFFEND,D_03_039
P11,21479093112818348-DECORATE 1.mp4,DECORATE1,K_01_073
P11,7746127782805041-LONG LINE.mp4,LONGLINE,D_01_038
P11,31520359043654067-ENOUGH.mp4,ENOUGH,D_01_084
P11,7379040627321187-SKI.mp4,SKI,D_02_027
P11,9376614377213035-HELICOPTER.mp4,HELICOPTER2,D_02_042
P11,32363663486128047-DECIDE 2.mp4,DECIDE2,D_03_057
P11,9211632621282244-PEG 3.mp4,PEG2,K_01_103
P11,10897630327185714-ERUPT 2.mp4,ERUPT2,K_01_119
P11,28882276486534475-VOMIT.mp4,VOMIT,D_02_072
P11,6121676072468776-TOMATO.mp4,TOMATO,D_02_087
P11,3950758421426006-SINCE.mp4,SINCE,D_03_014
P11,6183067261298174-BACK.mp4,BACK,D_03_029
P11,2875184493945213-PRETEND.mp4,PRETEND,D_03_062
P11,778591422557326-FOREVER.mp4,FOREVER1,D_03_072
P11,5574885772046916-SELECT.mp4,SELECT,D_03_087
P11,5858908515375336-WEIGH.mp4,WEIGH,D_03_077
P11,7094262467458803-COOPERATE.mp4,COOPERATE,E_01_010
P11,17734779517095056-SUSHI.mp4,SUSHI,D_03_092
P11,07011901962526412-STORY 1.mp4,STORY2,E_01_015
P11,23072373122450074-ELEVEN.mp4,ELEVEN,E_01_052
P11,35749482888016626-SLIPPER.mp4,SLIPPER,E_01_062
P11,9246679538527494-BRA 3.mp4,BRA3,K_02_039
P11,23989983456902286-TEACH 2.mp4,TEACH2,K_02_055
P11,5105620784214537-CLOSE EYES.mp4,CLOSEEYES,E_01_068
P11,07631352905742306-CRAWL 2.mp4,CRAWL2,K_02_088
P11,019069178306846846-BULL.mp4,BULL,E_01_098
P11,03735644577170194-TENT.mp4,TENT,E_02_012
P11,403917555222884-DIG.mp4,DIG,K_02_119
P11,42768518898838326-PASSPORT.mp4,PASSPORT,E_01_103
P11,8020482435298932-RISK.mp4,RISK,F_02_026
P11,4386481428406168-CANCEL.mp4,CANCEL1,F_03_083
P11,5890875852203274-MIME.mp4,MIME,D_03_019
P11,3217031750226049-GET INFORMATION_OUT_OF.mp4,GETINFORMATIONOUTOF,E_01_057
P11,11218469924724572-EARLY.mp4,EARLY,G_01_018
P11,6408680459634952-BELIEVE 2.mp4,BELIEVE2,G_02_011
P11,6439480554075028-PORCUPINE.mp4,PORCUPINE,G_01_033
P11,11145379171594882-NOT UNDERSTAND.mp4,NOTUNDERSTAND,G_01_049
P11,0018378274808692474-LOVE.mp4,LOVE,G_01_068
P11,3715977189011863-INNOCENT.mp4,INNOCENT,G_02_062
P11,582843536732653-DAUGHTER.mp4,DAUGHTER,E_02_023
P11,19116736392807154-SAFE.mp4,SAFE,G_01_085
P11,30552414889350965-CATCH.mp4,CATCH3,G_02_033
P11,6137894101033978-FUN.mp4,FUN,E_02_057
P11,20403944844840805-MISS.mp4,MISS,G_02_049
P11,10543451488153388-GATE CLOSE.mp4,GATECLOSE,E_02_073
P11,5951704010742203-HALLOWEEN.mp4,HALLOWEEN1,G_03_011
P11,8372364232723994-THRILLED.mp4,THRILLED,G_02_070
P11,0693564697035276-SHUT OUT.mp4,SHUTOUT,G_03_026
P11,9968292015900131-RESTLESS.mp4,RESTLESS,E_03_003
P11,40730200397685623-RAISIN.mp4,RAISIN,E_03_019
P11,8981809688009663-MUMMY.mp4,MUMMY,G_03_077
P11,3746241160718724-JOURNEY.mp4,JOURNEY,E_03_037
P11,5118138977822881-DISPATCH.mp4,DISPATCH,G_02_102
P11,3671878365309942-DEDICATE 2.mp4,DEDICATE1,G_03_094
P11,7674333307031493-PLATFORM.mp4,PLATFORM,E_03_070
P11,7783205613186133-TO.mp4,TO,E_03_086
P11,06207192123372929-CALCULATOR.mp4,CALCULATOR,E_03_103
P11,45187541212550375-CROWN.mp4,CROWN,F_01_016
P11,7326722360164839-SYSTEM.mp4,SYSTEM,H_01_061
P11,8478493745547124-INSTEAD.mp4,INSTEAD,H_01_079
P11,21669336472406076-SHOOTING.mp4,SHOOTING,F_01_049
P11,900538246795161-RETRIEVE.mp4,RETRIEVE,H_02_028
P11,23677817360300701-MAD.mp4,MAD,F_01_084
P11,013440963592164179-COMMUTE.mp4,COMMUTE,H_02_044
P11,01810305756309427-BEND.mp4,BEND,G_03_031
P11,9474479231438555-AVERAGE.mp4,AVERAGE,G_03_050
P11,7457169878890093-IMPRESS.mp4,IMPRESS,F_02_032
P11,34994625300305815-STAY.mp4,STAY,F_02_050
P11,7371110611099396-VANISH.mp4,VANISH,H_02_098
P11,32942281779981886-NO BIG_DEAL.mp4,NOBIGDEAL,H_03_044
P11,392847143355763-NECK.mp4,NECK,F_02_081
P11,300092594904662-AXE.mp4,AXE1,G_03_066
P11,47423539337801723-DONT CARE.mp4,DONTCARE,G_03_082
P11,031889931836169394-CULTURE.mp4,CULTURE,H_01_051
P11,5266042088694949-NAKED.mp4,NAKED,H_01_087
P11,12170889563062315-BURP.mp4,BURP,F_03_009
P11,6591528070744967-WHY NOT.mp4,WHYNOT,H_02_034
P11,22184082671771677-READY.mp4,READY,F_03_042
P11,9122853251266851-CASUAL.mp4,CASUAL,H_02_050
P11,7257383470742285-AT.mp4,AT,J_01_055
P11,3213138663629054-BABYSITTER.mp4,BABYSITTER,F_03_061
P11,26266594411686794-WIND.mp4,WIND,H_02_068
P11,9993760889934602-LAW.mp4,LAW,F_03_078
P11,33948832119536276-SCRATCH.mp4,SCRATCH,H_02_084
P11,6468119082008179-PRIORITY.mp4,PRIORITY,J_01_074
P11,5606282687373896-INTERVENE.mp4,INTERVENE,J_01_109
P11,2946134315048392-HOE.mp4,HOE,G_01_007
P11,7344663810697458-YOYO.mp4,YOYO,H_03_016
P11,7971795423914956-COMPLAIN.mp4,COMPLAIN,G_01_023
P11,31550032829167884-TRUCK 2.mp4,TRUCK2,J_02_070
P11,30875685203794845-TAKE OFF 2.mp4,TAKEOFF2,H_03_050
P11,13927489236813262-SITUATION.mp4,SITUATION,H_03_066
P11,9781494575715679-MAGNIFY 1.mp4,MAGNIFY1,G_01_073
P11,3531757421316708-WALK 2.mp4,WALK2,J_03_067
P11,7862483594108172-DONKEY.mp4,DONKEY,J_01_012
P11,4456862580012133-RETIRE.mp4,RETIRE,J_03_084
P11,23448265307560723-LEFT.mp4,LEFT,J_03_103
P11,9376193479767168-SCULPT.mp4,SCULPT,J_01_028
P11,677440329724845-CLASH.mp4,CLASH,K_01_032
P11,44739903308339257-ANALYZE.mp4,ANALYZE,G_02_075
P11,8004846417564577-POP 2.mp4,POP3,K_01_049
P11,3680669270712458-VISITOR.mp4,VISITOR,J_01_097
P11,9161231611080021-SOFA.mp4,SOFA,G_03_006
P11,4316552996988121-YAWN 4.mp4,YAWN2,K_01_110
P11,3024905929711159-DINNER 2.mp4,DINNER2,J_02_023
P11,16735808922087392-HUMMINGBIRD.mp4,HUMMINGBIRD,K_01_125
P11,7973926511816549-STAY AWAKE_24HRS.mp4,STAYAWAKE24HRS,J_02_060
P11,9545451469958457-BAG 2.mp4,BAG2,K_02_015
P11,3394234728457677-NETWORK.mp4,NETWORK,J_02_075
P11,18775864705006318-DECORATE 2.mp4,DECORATE2,K_02_030
P11,4417785007556263-BITE.mp4,BITE1,K_02_045
P11,3178978741033127-SERVE 2.mp4,SERVE2,K_02_061
P11,8524860298587382-SHOUT.mp4,SHOUT1,J_03_005
P11,8543612850148148-OPEN.mp4,OPEN,G_03_088
P11,1031998275613264-DEAF SCHOOL.mp4,DEAFSCHOOL,H_01_022
P11,7119510901130186-SIDE.mp4,SIDE,J_03_055
P11,690393178477537-LICENSE.mp4,LICENSE,K_02_125
P11,4573201265941229-LEAGUE.mp4,LEAGUE,H_01_092
P11,25059762291024534-DOCTOR 2.mp4,DOCTOR2,K_03_015
P11,014089711585560938-SKI-CA.mp4,SKI-CA,K_03_033
P11,22284413048623408-TEAR RIP_2.mp4,TEARRIP2,K_03_050
P11,5913760756926691-PEG 2.mp4,PEG3,K_03_083
P11,21097925917413285-PUMPKIN.mp4,PUMPKIN,H_02_056
P11,5801553825994386-ATTITUDE.mp4,ATTITUDE,J_03_091
P11,6955185382862392-ADDICT.mp4,ADDICT,H_02_073
P11,0266613501104096-FOURTH.mp4,FOURTH,H_03_004
P11,8361798771239044-POOP.mp4,POOP,H_03_072
P11,25303001477341835-WRISTWATCH 3.mp4,WRISTWATCH2,K_01_054
P11,585385587824101-RECENT.mp4,RECENT1,H_03_090
P11,4789245648516287-FEEDBACK.mp4,FEEDBACK,J_01_002
P11,6276456784975732-LOSE GAME.mp4,LOSEGAME,C_02_009
P11,6870709051348651-1 DOLLAR.mp4,1DOLLAR,C_02_025
P11,7391048026313116-PUNISH.mp4,PUNISH,C_02_041
P11,29286449291938044-ERASE 3.mp4,ERASE3,K_01_099
P11,49039841030642917-GLASS 2.mp4,GLASS3,K_01_115
P11,6549947482110516-HARD OF_HEARING.mp4,HARDOFHEARING,J_01_050
P11,401823551018208-TRIP 1.mp4,TRIP1,K_02_020
P11,8634436246198407-REGULAR.mp4,REGULAR,J_01_067
P11,26259445686056737-WASH MACHINE.mp4,WASHMACHINE,C_02_057
P11,8304370641604473-FEED 2.mp4,FEED1,K_02_035
P11,25763377853636227-WINDMILL 3.mp4,WINDMILL3,K_02_051
P11,3060246066632195-EITHER.mp4,EITHER,J_01_085
P11,05960401252194858-BRAINSTORM.mp4,BRAINSTORM,J_01_103
P11,11962668394630627-LOCK 3.mp4,LOCK3,K_02_067
P11,913446920703658-SOMERSAULT.mp4,SOMERSAULT3,J_02_012
P11,3136709737007537-INEPT.mp4,INEPT,J_02_032
P11,6275266983594605-SUPERIOR.mp4,SUPERIOR,J_02_065
P11,21861551221012654-SAME SAME.mp4,SAMESAME,J_02_081
P11,391221363352251-FLASHLIGHT 1.mp4,FLASHLIGHT4,K_02_099
P11,9515518156140665-POP 3.mp4,POP4,K_02_115
P11,4106652011209193-FAST.mp4,FAST,C_03_016
P11,5483588620169273-IMAGINE 2.mp4,IMAGINE2,K_03_020
P11,38009642185937564-CURTSEY 2.mp4,CURTSEY1,K_03_038
P11,6349946686892152-SCOOP.mp4,SCOOP,J_03_044
P11,9543788358733916-CHRISTMAS 2.mp4,CHRISTMAS2,J_03_061
P11,16007198628730035-UNDERGRADUATE.mp4,UNDERGRADUATE,J_03_079
P11,4151163294029869-ASSEMBLY.mp4,ASSEMBLY,J_03_096
P11,1676400685225461-STRAWBERRY 4.mp4,STRAWBERRY3,K_01_009
P11,7723232986661808-SNOWBOARD.mp4,SNOWBOARD,K_01_025
P11,48330533576057544-PARACHUTE 3.mp4,PARACHUTE3,K_01_059
P11,752761062011438-CRY 3.mp4,CRY4,K_02_040
P11,024128841885552976-METAPHOR.mp4,METAPHOR,D_02_059
P11,9516471643123849-FOLD 2.mp4,FOLD2,K_02_072
P11,4448528519965389-BATTERY.mp4,BATTERY,D_02_089
P11,31962282125568064-THINK.mp4,THINK,C_03_053
P11,8703198465255517-PLOW 2.mp4,PLOW2,K_02_089
P11,1849084719292502-SCARF 4.mp4,SCARF2,K_02_120
P11,9096827697693708-DENTIST 2.mp4,DENTIST2,K_03_027
P11,6028823983182003-WINE.mp4,WINE,D_01_015
P11,9729918946241969-JAPAN.mp4,JAPAN,D_01_046
P11,894069456935946-LOSE.mp4,LOSE,D_03_064
P11,13408713800128935-WRISTWATCH 2.mp4,WRISTWATCH3,K_03_044
P11,3714064324177986-INTRODUCE.mp4,INTRODUCE,D_01_076
P11,031868842442063006-MEDITATE 2.mp4,MEDITATE3,K_03_061
P11,9578006866630657-HELMET.mp4,HELMET1,D_02_034
P11,8466564777184564-DROWN 4.mp4,DROWN5,K_03_077
P11,8694622541229156-ERASE 5.mp4,ERASE4,K_03_095
P11,9304799283678831-WINK.mp4,WINK,D_03_094
P11,28701680393292306-CASTLE 4.mp4,CASTLE4,K_03_110
P11,06793658920291823-BRAIDS.mp4,BRAIDS,K_03_125
P11,14532328874612488-BEHAVIOR.mp4,BEHAVIOR,C_02_036
P11,8017117058905951-WHAT 2.mp4,WHAT1,D_02_094
P11,23986067849954007-CATEGORY.mp4,CATEGORY,E_01_034
P11,9320953978103417-RAKE.mp4,RAKE,D_03_021
P11,596825553069694-ZERO.mp4,ZERO,D_03_036
P11,2540817656894563-STEP.mp4,STEP,E_01_070
P11,9455760104242097-FASCINATED.mp4,FASCINATED,E_01_087
P11,7538688004095606-MISUNDERSTAND.mp4,MISUNDERSTAND,C_03_027
P11,7196221221860766-HOLD TOGETHER.mp4,HOLDTOGETHER,E_02_003
P11,8261106694989635-COME OUT.mp4,COMEOUT,E_02_020
P11,2839983234249468-VACUUM.mp4,VACUUM,D_03_084
P11,23842939823516773-HOSE.mp4,HOSE,E_02_054
P11,5642803669727219-GRASP.mp4,GRASP,E_01_006
P11,9830408431596269-THROW AWAY.mp4,THROWAWAY,E_02_070
P11,42561609545136014-COME.mp4,COME,C_03_074
P11,4390289106690757-WRITE.mp4,WRITE,D_01_051
P11,12370134549790635-SCRUB.mp4,SCRUB,E_02_086
P11,9956058333717619-BLOND.mp4,BLOND,E_02_102
P11,2701475812604299-WAND.mp4,WAND,E_03_016
P11,24487385171622256-LIGHTS ON.mp4,LIGHTSON,E_03_066
P11,36775338203111585-REQUEST.mp4,REQUEST,E_01_024
P11,2259459424347101-BACHELOR.mp4,BACHELOR,E_01_059
P11,3557292798512601-GRIEVE.mp4,GRIEVE,E_03_100
P11,7077792574183723-PUT IN_BACK_MIND.mp4,PUTINBACKMIND,E_01_076
P11,9824120994807248-SEND.mp4,SEND,E_02_009
P11,27328277872816265-CROCODILE.mp4,CROCODILE,D_01_081
P11,6876614460019714-LUCKY.mp4,LUCKY,D_02_008
P11,5363277543305687-THINK OVER.mp4,THINKOVER,D_02_054
P11,43144098350291626-LIGHTNING.mp4,LIGHTNING,D_02_069
P11,12185031671737367-FOREVER 2.mp4,FOREVER2,E_02_025
P11,9731388047096738-WHAT 1.mp4,WHAT2,D_02_084
P11,37827505435337416-GAY.mp4,GAY,D_03_011
P11,26123218035788165-PRIEST.mp4,PRIEST,D_03_026
P11,8638286876137251-WINDOW OPEN.mp4,WINDOWOPEN,E_02_075
P11,5922288803825897-SPECIFIC.mp4,SPECIFIC,E_02_091
P11,7573530872875915-BUY.mp4,BUY,D_03_074
P11,5219690137583852-FORBID.mp4,FORBID,D_03_089
P11,9930143869854582-HALL.mp4,HALL,F_01_097
P11,7398971850538854-FORK.mp4,FORK3,E_01_049
P11,14348930769753676-TOY 1.mp4,TOY3,E_01_064
P11,2085333530119129-FINANCE.mp4,FINANCE,F_02_047
P11,2358141156816258-POUR.mp4,POUR2,F_02_063
P11,7188465790170195-HATE.mp4,HATE,F_02_078
P11,972974958153229-MEAT 2.mp4,MEAT2,F_03_021
P11,32612825867523454-WOW.mp4,WOW,F_01_002
P11,35348407980537977-COWBOY.mp4,COWBOY,F_01_018
P11,2925191821679336-THIS-IT.mp4,THIS/IT,F_01_035
P11,4946108057555212-GAMBLE.mp4,GAMBLE,F_01_051
P11,45917598428875417-WASH DISHES.mp4,WASHDISHES,F_01_070
P11,291615547979323-STRAIGHT.mp4,STRAIGHT,E_01_081
P11,7135323742198529-STATE.mp4,STATE,F_01_086
P11,8105937350807708-EVEN.mp4,EVEN,F_03_057
P11,4707400849290664-DEPTH.mp4,DEPTH,F_02_018
P11,6437753432376454-DRESSER.mp4,DRESSER,F_03_075
P11,6040680169011408-TURBAN.mp4,TURBAN,F_03_090
P11,6474828094042935-HIGHLIGHTER.mp4,HIGHLIGHTER,G_01_020
P11,9108140092707389-MOTIVATION 1.mp4,MOTIVATION2,E_02_047
P11,33536150559057387-TTY.mp4,TTY,G_01_035
P11,36336985990834414-MICROSCOPE 2.mp4,MICROSCOPE3,F_02_053
P11,32614188670872335-EXPECT.mp4,EXPECT,F_02_068
P11,2381626071028613-SUPPORT 1.mp4,SUPPORT2,G_01_052
P11,04588960757155491-NOTHING 2.mp4,NOTHING2,E_02_065
P11,13663136033374101-AUTISM.mp4,AUTISM1,F_03_011
P11,7132022545537142-PAGE.mp4,PAGE,G_01_070
P11,6928445534634624-PASS OUT.mp4,PASSOUT,G_02_002
P11,7041649991761532-COCAINE.mp4,COCAINE,F_03_044
P11,3221789948709699-CHEESE GRATER.mp4,CHEESEGRATER,F_03_064
P11,041200622524335984-DISAPPOINT.mp4,DISAPPOINT,G_03_018
P11,2776366881359864-SIX.mp4,SIX,G_03_034
P11,8491701758363834-SCREAM.mp4,SCREAM,E_03_027
P11,9518553874469935-CHEEK.mp4,CHEEK,G_03_052
P11,26797239143613516-CLOSE.mp4,CLOSE,G_03_084
P11,06635433716114103-LONG.mp4,LONG,G_01_059
P11,41183966739507283-HURRY.mp4,HURRY,G_01_075
P11,46575975212733645-OPTION.mp4,OPTION,F_01_092
P11,8800911179761519-ROLL UP_SLEEVES.mp4,ROLLUPSLEEVES,H_03_034
P11,8910203970456518-PEAR.mp4,PEAR,F_02_006
P11,47280763039627116-INTENTIONAL.mp4,INTENTIONAL,G_02_040
P11,7814665342660105-TOMORROW.mp4,TOMORROW,F_02_040
P11,3993509973700071-WHEEL.mp4,WHEEL,H_03_069
P11,37971796008266523-VALUE.mp4,VALUE,H_03_085
P11,6761918376863933-EARMUFFS.mp4,EARMUFFS,F_03_016
P11,6458854256203668-POPE.mp4,POPE,G_02_077
P11,014910422626620567-EVENT.mp4,EVENT,F_03_049
P11,9646145422054135-HELL.mp4,HELL,G_03_008
P11,5079189807894475-FORM.mp4,FORM,G_03_023
P11,8006530145359738-HOOD.mp4,HOOD,H_03_104
P11,7814899363447034-LUNCH.mp4,LUNCH1,G_02_081
P11,9716789711823037-CUT REMOVE VID.mp4,CUTREMOVEVID,F_01_065
P11,1888798283363915-CONTACT LENS.mp4,CONTACTLENS,E_02_074
P11,9689376383598585-AUNT.mp4,AUNT,E_02_027
P11,009537631187231721-ELEVATOR.mp4,ELEVATOR1,G_03_036
P11,34536864857479577-ROAST.mp4,ROAST,J_02_038
P11,6885026583456444-CONSUME.mp4,CONSUME,J_01_101
P11,7435239521834103-SWEATPANTS.mp4,SWEATPANTS,F_02_042
P11,7099790072911516-ABBREVIATE.mp4,ABBREVIATE,G_01_040
P11,05265755616631451-SAUCE.mp4,SAUCE,F_01_054
P11,1645949591080038-DONT LIKE.mp4,DONTLIKE,F_01_033
P11,21275015761535765-ADD.mp4,ADD,E_02_030
P11,5373008438345654-GIVE UP.mp4,GIVEUP,H_03_028
P11,32004043371007085-DESTROY.mp4,DESTROY,E_03_052
P11,5129702343253348-TEND YOUR.mp4,TENDYOUR,G_03_032
P11,4643127346142468-WASH HANDS.mp4,WASHHANDS,F_01_056
P11,03925192397081534-SUSPEND.mp4,SUSPEND,H_01_016
P11,47191611838846326-BRIGHT.mp4,BRIGHT,F_03_028
P11,4501007718732275-ABOVE.mp4,ABOVE,NA
P11,5882334425502826-SPEND.mp4,SPEND,E_01_017
P11,9858119925122162-BARELY.mp4,BARELY,H_03_037
P11,2531329478038491-TEMPER BLOW UP.mp4,TEMPERBLOWUP,F_02_097
P11,46194626582263765-ALL DAY.mp4,ALLDAY,H_02_093
P11,8972227161038662-WHAT FOR 2.mp4,WHATFOR2,C_02_054
P11,8606155659508032-LIVING ROOM.mp4,LIVINGROOM,F_02_016
P11,7517614285757082-WINTER.mp4,WINTER,E_03_022
P11,6824707966702848-SHOT.mp4,SHOT,E_01_013
P11,05703651950781863-TRANSFER.mp4,TRANSFER,J_03_028
P11,23128378593936882-LEATHER.mp4,LEATHER,G_02_008
P11,6133039730227499-DEPEND ON.mp4,DEPENDON,H_03_076
P11,4968322609254969-HOCKEY.mp4,HOCKEY,B_01_035
P11,8315203498774075-RESEARCH.mp4,RESEARCH1,B_03_084
P11,03632084312801709-LETTER 2.mp4,LETTER2,NA
P11,6227924595575061-UPLOAD.mp4,UPLOAD,C_01_028
P11,7541090434427395-KNEEL.mp4,KNEEL,C_03_021
P11,3858772938802306-JIGSAW PUZZLE.mp4,JIGSAWPUZZLE,C_02_084
P11,6546214101257959-BIRD.mp4,BIRD,A_01_041
P11,24868222822500607-SHOWER.mp4,SHOWER,A_02_001
P11,9184459435362722-MICROWAVE.mp4,MICROWAVE,A_02_043
P11,5748306514050749-PAINTBRUSH.mp4,PAINTBRUSH,A_02_079
P11,6921187815453724-FISH.mp4,FISH,A_03_040
P11,3102442024554637-SHOVEL.mp4,SHOVEL1,A_01_088
P11,5085987160021475-GOAT.mp4,GOAT,A_02_024
P11,3341941047388115-TOBACCO.mp4,TOBACCO,A_02_049
P11,9609863096260169-BALLOON.mp4,BALLOON,A_02_086
P11,8606201923570296-NEUTRAL.mp4,NEUTRAL,A_03_021
P11,18105285920990188-SHEEP.mp4,SHEEP,A_02_010
P11,705659284416791-HISTORY.mp4,HISTORY,A_02_036
P11,48684101280979974-NECKLACE.mp4,NECKLACE1,A_02_072
P11,31225495643405954-DESERT.mp4,DESERT,A_03_008
P11,919198427407482-BED.mp4,BED1,A_03_037
P11,5613224311832317-SHY.mp4,SHY,B_01_040
P11,3008181888945094-NIGHT.mp4,NIGHT1,A_01_003
P11,004403505972383037-CASTLE.mp4,CASTLE1,A_01_008
P11,19404729377743113-MONKEY.mp4,MONKEY,A_01_016
P11,31981530168185923-PARACHUTE.mp4,PARACHUTE1,A_01_021
P11,7456348615082204-BOWTIE.mp4,BOWTIE,A_01_044
P11,4358633834509327-LEMON.mp4,LEMON1,A_01_069
P11,3737747355224301-PEPPER.mp4,PEPPER,A_02_085
P11,34077247424423907-GLOVE.mp4,GLOVE,A_02_087
P11,1448380350583336-GARAGE.mp4,GARAGE,A_03_022
P11,7322646663115284-AFRICA.mp4,AFRICA,A_02_082
P11,023654686111794332-ACTOR.mp4,ACTOR,A_03_047
P11,896714505628212-FLOWER.mp4,FLOWER,A_03_017
P11,28293388728499624-HEAVEN.mp4,HEAVEN,A_02_075
P11,9139493341396108-EGG.mp4,EGG,A_03_011
P11,6851161454153585-WINDOW.mp4,WINDOW,A_03_042
P11,20627158929264766-WHIP.mp4,WHIP,A_03_077
P11,7472670667491808-PAPERCUTTER.mp4,PAPERCUTTER,A_03_082
P11,4655213896746917-HUNT.mp4,HUNT,B_01_025
P11,19966660115927404-SHRIMP.mp4,SHRIMP,A_01_065
P11,2542832810541762-SOME.mp4,SOME,B_01_020
P11,8599392477155936-PRINT.mp4,PRINT,B_01_045
P11,37697269669598743-COCONUT.mp4,COCONUT,A_02_088
P11,934430524189287-PILL.mp4,PILL,B_01_050
P11,20252636417541803-STAIRS.mp4,STAIRS,A_03_048
P11,5030770445869783-SHOULDER.mp4,SHOULDER1,A_02_055
P11,9099071422270617-BANANA.mp4,BANANA1,A_03_002
P11,9152504941850548-BATH.mp4,BATH,B_01_019
P11,4786348192990668-THREE.mp4,THREE,B_01_044
P11,9181226657270911-ANGRY.mp4,ANGRY,B_01_070
P11,5016352016219428-MOTHER.mp4,MOTHER,B_02_008
P11,5117640916271218-DRESS.mp4,DRESS,A_03_046
P11,5993591768684134-GRANDFATHER.mp4,GRANDFATHER,B_02_036
P11,9850872261495947-CONCEPT.mp4,CONCEPT,A_03_086
P11,09071939686968755-FAVORITE.mp4,FAVORITE,B_01_024
P11,44882802943175326-LOOK APPEARANCE.mp4,LOOKAPPEARANCE,B_02_068
P11,7123374650549104-CITY.mp4,CITY1,B_01_029
P11,3043061590731291-CHOCOLATE.mp4,CHOCOLATE,B_01_002
P11,5159109497315042-BELT.mp4,BELT1,A_03_036
P11,4665012658947767-SPEAKERS.mp4,SPEAKERS,B_01_076
P11,7226685574037961-CABINET.mp4,CABINET,B_03_030
P11,21118821060465587-RAIN.mp4,RAIN,A_03_061
P11,27424831505579994-WORK.mp4,WORK,B_03_059
P11,4494669642926048-SURPRISE.mp4,SURPRISE,B_01_013
P11,07796785440279685-SLOW.mp4,SLOW,B_02_041
P11,06748149546618265-LIPSTICK.mp4,LIPSTICK,B_02_046
P11,23489942618798265-ALPHABET.mp4,ALPHABET,B_02_024
P11,6500641946617272-BROTHER.mp4,BROTHER,B_01_065
P11,8323641194120073-CIGAR.mp4,CIGAR,B_02_055
P11,8409424827057428-WORM.mp4,WORM,B_03_014
P11,031958230657914255-PERSON.mp4,PERSON,B_01_066
P11,3707396870459998-THINGS.mp4,THINGS,B_03_043
P11,9625622118971418-HEALTH.mp4,HEALTH,B_02_083
P11,07948238052555401-THIEF 1.mp4,THIEF1,B_03_019
P11,681853458252887-TROUBLE.mp4,TROUBLE,B_03_048
P11,3183981707552783-AFTER.mp4,AFTER,B_02_030
P11,8451062310514508-WEAR.mp4,WEAR,B_02_032
P11,42697668493670005-DANCE.mp4,DANCE,B_02_063
P11,8119447688689359-EXPERIENCE.mp4,EXPERIENCE,B_02_064
P11,6334594569512548-MOVIE.mp4,MOVIE1,B_03_077
P11,46134733207430334-CIGARETTE.mp4,CIGARETTE,C_01_059
P11,8083384619681451-AND.mp4,AND,B_03_072
P11,3361235862176999-BORROW.mp4,BORROW,B_03_055
P11,7565477161636467-SERIOUS.mp4,SERIOUS,B_01_071
P11,5338236270164725-TEXT.mp4,TEXT,B_03_054
P11,9933444469916732-EAT 2.mp4,EAT2,B_03_082
P11,33118182075593494-FRONT.mp4,FRONT,C_01_039
P11,9708374574351895-MUCH.mp4,MUCH,B_01_061
P11,44136774660022393-THIEF 2.mp4,THIEF2,B_01_087
P11,35526866307715865-EXPENSIVE.mp4,EXPENSIVE,C_01_064
P11,06986204145037811-WHATEVER.mp4,WHATEVER,B_02_025
P11,10951997344351683-ZOOM IN.mp4,ZOOMIN,B_02_056
P11,26911920543192847-FOR.mp4,FOR,B_03_049
P11,889043448284075-LONELY.mp4,LONELY,B_03_078
P11,596424111873483-DAY.mp4,DAY,C_01_044
P11,3943700365377143-STAFF.mp4,STAFF,C_01_071
P11,1678610971430885-GROW.mp4,GROW,B_02_042
P11,6028480304913704-FOOTBALL.mp4,FOOTBALL,A_02_027
P11,9051949320948878-TYPE 2.mp4,TYPE2,B_01_056
P11,83959812797854-VOLLEYBALL.mp4,VOLLEYBALL,A_02_006
P11,6733016684337132-SUMMER.mp4,SUMMER,B_02_037
P11,6287610259819412-TEA.mp4,TEA,A_02_052
P11,9153238794367888-PIG.mp4,PIG,A_02_032
P11,5542402657724064-SHOES.mp4,SHOES,A_02_057
P11,6708090725074027-SOCCER.mp4,SOCCER1,A_03_004
P11,7139405374805046-FRIDAY.mp4,FRIDAY,B_02_020
P11,618823369321041-STARBUCKS.mp4,STARBUCKS,B_03_010
P11,019254879127790003-MEAN 1.mp4,MEAN2,B_02_069
P11,8794707978604859-TOURNAMENT.mp4,TOURNAMENT,B_03_031
P11,8098622458335258-FIRE.mp4,FIRE,B_03_090
P11,3569496056797583-WEEK.mp4,WEEK,B_02_079
P11,09375801136050588-GRAPES.mp4,GRAPES1,A_02_089
P11,07388196216202947-SCIENCE.mp4,SCIENCE,A_02_011
P11,8013473856075592-SPOON.mp4,SPOON,A_02_037
P11,5601635543819652-PERFUME.mp4,PERFUME1,A_02_073
P11,6467257511164717-PIANO.mp4,PIANO,A_03_029
P11,25398713253117866-INTEREST.mp4,INTEREST,B_03_038
P11,8275900619599612-HEART.mp4,HEART,B_03_066
P11,7798157575833962-APPLE.mp4,APPLE,A_03_054
P11,9026524766934461-MOUSE.mp4,MOUSE,A_03_009
P11,4034364733712217-MIRROR.mp4,MIRROR,A_03_034
P11,30359172301114734-HUNGRY.mp4,HUNGRY,C_01_010
P11,9538409232680032-MCDONALDS.mp4,MCDONALDS,C_01_035
P11,17056426949355252-RUN.mp4,RUN1,B_03_015
P11,8148872897146919-FLASHLIGHT.mp4,FLASHLIGHT1,A_03_084
P11,5016907300989204-FILM.mp4,FILM,B_01_037
P11,3286331623849843-KITCHEN.mp4,KITCHEN,A_02_016
P11,25850610543433716-WRISTWATCH.mp4,WRISTWATCH1,B_01_063
P11,7342505327695079-PEACE.mp4,PEACE,B_01_089
P11,9753129311597335-PICTURE.mp4,PICTURE,A_02_042
P11,5613192840082954-SUBTRACT.mp4,SUBTRACT,B_02_027
P11,5999271180897467-EARTHQUAKE.mp4,EARTHQUAKE,A_03_039
P11,48458808870980974-BINOCULARS.mp4,BINOCULARS,A_03_074
P11,7598749680703767-NOTHING.mp4,NOTHING1,B_01_079
P11,3238621198923368-CAMERA.mp4,CAMERA,B_03_073
P11,25118412779229127-IMPOSSIBLE.mp4,IMPOSSIBLE,B_01_032
P11,6830796598213351-DREAM.mp4,DREAM,B_02_044
P11,6147678260624159-MAN.mp4,MAN,C_01_040
P11,611086819728673-JUDGE.mp4,JUDGE,B_01_058
P11,46239217896795104-RIGHT 1.mp4,RIGHT1,C_01_065
P11,1118639946350315-SON.mp4,SON,B_02_086
P11,32721665877865913-TORNADO.mp4,TORNADO,A_02_047
P11,05171855154691851-BLACK.mp4,BLACK,B_02_006
P11,5508508922826234-CORN 1.mp4,CORN1,A_02_084
P11,4644222055470275-CHALLENGE.mp4,CHALLENGE,B_03_051
P11,3728459422571637-NAPKIN.mp4,NAPKIN,A_03_019
P11,029792280057310938-WAVE.mp4,WAVE,A_03_079
P11,33545660720566817-BOSS.mp4,BOSS,B_02_052
P11,3412694544175805-AWKWARD.mp4,AWKWARD,B_01_022
P11,4317924942761133-PRETTY.mp4,PRETTY,C_01_022
P11,592161517549789-TRY.mp4,TRY,B_02_034
P11,7111482896558119-BODY.mp4,BODY,B_01_047
P11,01908619135966516-RELATIONSHIP.mp4,RELATIONSHIP,B_01_023
P11,47507453056648785-FINGERSPELL.mp4,FINGERSPELL,B_01_048
P11,6983224576459861-CERTIFICATE.mp4,CERTIFICATE,B_01_080
P11,1255028230741566-LETTUCE 2.mp4,LETTUCE2,B_01_073
P11,09426519865708682-KNIFE.mp4,KNIFE1,B_02_011
P11,7039838695405651-LIVE 2.mp4,LIVE2,B_03_046
P11,9531097009544716-QUIET.mp4,QUIET,C_01_037
P11,12315366483706569-VIDEOCAMERA.mp4,VIDEOCAMERA1,B_03_006
P11,927095782965432-STUBBORN.mp4,STUBBORN,B_03_086
P11,08078467778916365-MINUTE.mp4,MINUTE,B_01_074
P11,5981725360343035-CENTER.mp4,CENTER,C_01_027
P11,03334113724536958-LAST.mp4,LAST,B_01_038
P11,7226288306646373-SALT.mp4,SALT,B_01_069
P11,1583876900612473-PILE.mp4,PILE,B_02_077
P11,7019183937921916-COMMUNICATION.mp4,COMMUNICATION,B_03_013
P11,37418457822538387-WHERE.mp4,WHERE,B_02_035
P11,7150145277811628-PURPLE.mp4,PURPLE,B_02_067
P11,6289207917955772-ANIMAL.mp4,ANIMAL,B_03_002
P11,980212048263337-DRINK.mp4,DRINK1,B_02_012
P11,3765725706802978-ARMY.mp4,ARMY,B_01_059
P11,3108578299019191-PATIENT 2.mp4,PATIENT2,B_01_085
P11,9984673314288812-ASK.mp4,ASK,B_02_023
P11,4755472767542037-RELIGION.mp4,RELIGION,B_03_029
P11,6323808110837563-CUTE 1.mp4,CUTE2,B_03_087
P11,9544080529041437-DRYER.mp4,DRYER,C_01_007
P11,48360219801328896-MAKE.mp4,MAKE,C_01_032
P11,6652452074914541-WARN.mp4,WARN,B_01_033
P11,7912949175098649-GET.mp4,GET,B_03_007
P11,6441833800133732-WIN.mp4,WIN,B_02_029
P11,43141430274691595-GLASSES.mp4,GLASSES,B_03_036
P11,8486745444800721-LAWNMOWER.mp4,LAWNMOWER,B_03_064
P11,20219847289059545-STUPID 1.mp4,STUPID1,C_01_058
P11,5189614054965066-IMAGINE.mp4,IMAGINE1,B_03_018
P11,3783621149644889-KEYBOARD.mp4,KEYBOARD,B_03_070
P11,8548458936717012-LATE.mp4,LATE,C_01_013
P11,5986296474103647-WISH.mp4,WISH,C_01_053
P11,8587903644566386-CALL ATTENTION.mp4,CALLATTENTION,C_01_038
P11,4302015209968231-CHAT.mp4,CHAT,C_01_079
P11,5624988296982716-TALL.mp4,TALL2,B_03_024
P11,8318267145317306-DIVORCE.mp4,DIVORCE,C_01_063
P11,4339240745813-COUSIN.mp4,COUSIN,C_01_023
P11,7401490255325378-OWE.mp4,OWE,C_01_089
P11,12221538032492663-GALLAUDET.mp4,GALLAUDET,B_02_010
P11,8305026742098571-KNOW.mp4,KNOW,C_01_048
P11,474306604326884-RING.mp4,RING,A_03_053
P11,011657596804226733-NEW.mp4,NEW,B_02_070
P11,26227359095022695-EMOTION.mp4,EMOTION,B_03_005
P11,4399653705629283-BLIND.mp4,BLIND,B_01_016
P11,39114000127985404-LOOK AT.mp4,LOOKAT,B_01_041
P11,3419516877588362-BUILDING.mp4,BUILDING,A_03_088
P11,6101701296191302-COLLEGE.mp4,COLLEGE,B_01_009
P11,9739735198183419-HIPPO.mp4,HIPPO1,C_01_069
P11,21990079794298323-POSSIBLE.mp4,POSSIBLE,B_02_005
P11,8646540267981466-DOUBT.mp4,DOUBT,B_01_057
P11,6821814887751381-FLAG.mp4,FLAG1,B_01_036
P11,01753945757810982-PRICE.mp4,PRICE,C_02_004
P11,4476286006008541-FRECKLES.mp4,FRECKLES,B_01_083
P11,6067743475720784-VIOLIN.mp4,VIOLIN,A_03_083
P11,9020730301433966-REALLY.mp4,REALLY,B_02_021
P11,8071670622765252-5 DOLLARS.mp4,5DOLLARS,B_01_062
P11,8421771262455624-FAT.mp4,FAT,C_01_011
P11,2488344230284416-HARD.mp4,HARD,C_01_036
P11,33787438904861555-KEY.mp4,KEY,B_02_033
P11,5807681642637215-BEHIND.mp4,BEHIND,B_02_048
P11,7396831048598065-TIME.mp4,TIME,B_02_080
P11,3014620411101525-BAKE 2.mp4,BAKE2,B_01_051
P11,29970370926894363-VACATION.mp4,VACATION,B_03_016
P11,047393282212707666-PREFER.mp4,PREFER,B_01_078
P11,7945948304503736-YEAR.mp4,YEAR,B_02_015
P11,9419615285979526-OTHER.mp4,OTHER,B_02_043
P11,6294839942659272-FALL 1.mp4,FALL1,B_03_074
P11,8725615880123212-HOTDOG.mp4,HOTDOG,B_03_067
P11,0015092814988848513-WHO.mp4,WHO,C_01_041
P11,2816314098780288-HOSPITAL.mp4,HOSPITAL1,B_02_026
P11,18139225250054647-PLAY.mp4,PLAY,C_01_066
P11,27525518945882355-COMPLEX.mp4,COMPLEX,C_01_061
P11,2629996520868716-GREEN.mp4,GREEN,B_02_085
P11,6469410545031455-HEARING.mp4,HEARING,C_02_023
P11,7636836654101908-MAYBE.mp4,MAYBE,B_03_022
P11,44208347169361506-PIPE.mp4,PIPE1,B_03_027
P11,10691351691602158-SCARED.mp4,SCARED,B_03_079
P11,43079432751688973-FOREIGNER.mp4,FOREIGNER1,C_01_077
P11,38402181354833864-MORNING.mp4,MORNING,C_02_012
P11,9380965621815718-KING.mp4,KING,C_01_056
P11,6686600641333984-TEMPTATION.mp4,TEMPTATION,C_01_082
P11,3951869445515712-CANCELLATION.mp4,CANCELLATION,C_02_017
P11,19502128713184197-NORTH.mp4,NORTH,C_01_080
P11,5655472061412641-HAMMER.mp4,HAMMER,C_02_021
P11,16760310321605743-EXPLANATION.mp4,EXPLANATION,C_02_053
P11,706364419260278-RIGHT 2.mp4,RIGHT2,C_01_070
P11,40444267867417927-SUSPECT.mp4,SUSPECT,C_03_012
P11,09330664599587468-ALARM.mp4,ALARM,C_01_085
P11,13287402533424708-ARM.mp4,ARM1,C_03_043
P11,5209132988835949-EGYPT.mp4,EGYPT,C_02_042
P11,09098843335275708-SHOP 1.mp4,SHOP2,C_03_075
P11,07489667353609475-CLEAR.mp4,CLEAR,D_01_006
P11,4810431995966242-SKATE.mp4,SKATE,C_01_090
P11,42580213660496624-RED.mp4,RED,C_02_090
P11,9017686904444395-DISAPPEAR.mp4,DISAPPEAR,D_01_036
P11,7298858007459978-STRANGE.mp4,STRANGE,C_03_018
P11,1464986388731988-FRIENDLY.mp4,FRIENDLY,C_02_031
P11,7082903481857168-PAIN.mp4,PAIN,C_03_033
P11,20564555475489255-WHY.mp4,WHY,D_01_067
P11,17319514604773434-BOWL.mp4,BOWL,C_03_049
P11,8097275574073166-UNIVERSITY.mp4,UNIVERSITY,C_02_063
P11,3184640409002879-LIGHTER.mp4,LIGHTER,D_02_025
P11,6416097714490172-FALL 2.mp4,FALL2,C_03_007
P11,5109319431832555-MOTORCYCLE.mp4,MOTORCYCLE,D_01_011
P11,015199050756152577-CHANNEL.mp4,CHANNEL,C_03_023
P11,8044898571772796-COCACOLA.mp4,COCACOLA,D_02_040
P11,6448349493816601-HELLO.mp4,HELLO,D_02_055
P11,6585611334239412-STOMACH.mp4,STOMACH,C_03_054
P11,18374611214830772-FRAUD.mp4,FRAUD,D_02_070
P11,8421610824077612-MONDAY.mp4,MONDAY,C_03_070
P11,35815086162921017-WHEN.mp4,WHEN,C_03_086
P11,03134629597671501-SMILE.mp4,SMILE1,D_01_031
P11,6997326508025663-THANKSGIVING.mp4,THANKSGIVING,D_01_047
P11,2718815272685413-FLOOR.mp4,FLOOR,D_01_062
P11,583270943204558-HOPE.mp4,HOPE,D_02_085
P11,7421046995405918-LATER.mp4,LATER,D_01_077
P11,713143661859106-INSURANCE.mp4,INSURANCE,D_02_030
P11,6298308396800849-YOU.mp4,YOU,D_02_065
P11,41334461156967506-TOAST.mp4,TOAST,D_02_080
P11,5223671770517402-SING.mp4,SING,D_03_075
P11,9014979856384515-MOVE.mp4,MOVE,D_03_090
P11,8450116520812938-TEASE.mp4,TEASE,D_02_090
P11,38458685253579894-FLIP SWITCH.mp4,FLIPSWITCH,E_01_066
P11,7688318067782187-BASIC.mp4,BASIC,E_01_101
P11,29151249667646906-NOISE.mp4,NOISE,E_02_031
P11,6016276962472635-SMELL.mp4,SMELL,E_02_049
P11,6346637144706668-FAR.mp4,FAR,D_03_007
P11,45503870147962777-HORRIBLE.mp4,HORRIBLE,D_03_049
P11,03524803889652772-OUT.mp4,OUT,E_02_066
P11,5803142250356759-PRESS IN_MIND.mp4,PRESSINMIND,E_02_082
P11,24592306415515508-DEMAND.mp4,DEMAND1,D_03_080
P11,820894445746915-CONTACT.mp4,CONTACT,D_03_022
P11,9480986153791209-PEN.mp4,PEN,E_02_097
P11,061750911557350685-ALCOHOL.mp4,ALCOHOL,E_03_012
P11,9262418346126771-PARK.mp4,PARK,E_03_028
P11,8692817162130175-LAMP.mp4,LAMP1,D_03_037
P11,15762239473285566-FLY.mp4,FLY,D_03_070
P11,5630815590996632-SWEATSHIRT.mp4,SWEATSHIRT,E_01_018
P11,1308428485723372-CLOTHES.mp4,CLOTHES,E_03_096
P11,36430875633264925-MARRY.mp4,MARRY,F_02_007
P11,9366553386825931-UNDER.mp4,UNDER,E_02_087
P11,16031699483474493-CATAPULT.mp4,CATAPULT,E_03_083
P11,25492054960141197-RICH.mp4,RICH,F_03_103
P11,3668078136655628-HAMSTER.mp4,HAMSTER,E_03_073
P11,23804692231957736-ANY.mp4,ANY,G_01_016
P11,7181674234608415-THEN.mp4,THEN,F_01_031
P11,03191004193493363-OVERLOOK.mp4,OVERLOOK,G_01_066
P11,7965892705393873-CHAMPION.mp4,CHAMPION,G_01_081
P11,8427593172651238-BARRETTE.mp4,BARRETTE,G_01_101
P11,6364442970904793-NOON.mp4,NOON1,G_02_014
P11,6764036239671747-HANUKKAH.mp4,HANUKKAH,G_02_030
P11,3939478655301536-HANDSOME 1.mp4,HANDSOME2,F_01_003
P11,799628866128629-OUR.mp4,OUR,G_02_067
P11,1564695253017523-PERFUME 2.mp4,PERFUME2,F_01_046
P11,19905913268536768-BOTTOM.mp4,BOTTOM,F_01_066
P11,25036555127500293-ESCALATOR.mp4,ESCALATOR,F_01_036
P11,5647473034561543-DAMN.mp4,DAMN,F_01_098
P11,6326602824465202-INTERESTED.mp4,INTERESTED,F_02_014
P11,9659476318304188-MOOSE.mp4,MOOSE,G_02_100
P11,25714874269115295-BLOOM.mp4,BLOOM,G_03_014
P11,575097801448069-SPIT OUT.mp4,SPITOUT,F_02_030
P11,8590195920960633-DONUT.mp4,DONUT,F_01_071
P11,21181606650814944-NORMAL.mp4,NORMAL,F_02_036
P11,3261478241631237-HONEY 1.mp4,HONEY1,F_02_064
P11,8804254071894944-YAWN 1.mp4,YAWN1,F_02_079
P11,9030811960489882-SAILBOAT.mp4,SAILBOAT,F_02_094
P11,02604937104585603-BIG.mp4,BIG,F_02_054
P11,5143184699600032-WATER SKI.mp4,WATERSKI,F_03_022
P11,93340344109002-DEAF.mp4,DEAF1,F_03_038
P11,5205539262956824-ASSISTANT.mp4,ASSISTANT,F_03_076
P11,5899566410284285-OVERWHELMED.mp4,OVERWHELMED,G_03_064
P11,4794104048201795-CLOSET 1.mp4,CLOSET1,F_03_097
P11,9673285376166738-FAKE.mp4,FAKE,G_03_080
P11,8770017590066477-BLAME.mp4,BLAME,G_01_005
P11,932328312254997-ROCKING CHAIR.mp4,ROCKINGCHAIR1,G_01_010
P11,7451981901445712-EYES AWAKE.mp4,EYESAWAKE,G_01_041
P11,254412789986193-GENERATION.mp4,GENERATION,H_01_032
P11,33524184538444524-SHORT DISTANCE.mp4,SHORTDISTANCE,H_01_049
P11,8365766834022152-STINK.mp4,STINK,H_01_064
P11,006150304720440092-MOVE DOWN.mp4,MOVEDOWN,G_01_053
P11,9926777463986329-JAR.mp4,JAR,G_01_076
P11,4797099843700956-HIDE.mp4,HIDE,G_02_025
P11,07820745432604803-HEN.mp4,HEN,G_02_041
P11,4191623551610837-HAND SOAP.mp4,HANDSOAP,G_01_089
P11,3806710069168868-ZEBRA.mp4,ZEBRA,G_02_003
P11,19404728990398-POLE.mp4,POLE,H_02_014
P11,26521170494987056-PARTY.mp4,PARTY1,G_02_059
P11,7781391586336477-WATCH.mp4,WATCH,G_02_078
P11,001124805391170547-ROB.mp4,ROB,G_02_093
P11,6783002362728658-DIG UP.mp4,DIGUP,G_02_019
P11,819813929164436-ROSE.mp4,ROSE,G_03_024
P11,9131849806303045-HUG.mp4,HUG,G_02_036
P11,7457845828893759-TUBE.mp4,TUBE,G_03_042
P11,21630359443974-COUNT.mp4,COUNT,G_02_054
P11,16750959153005218-NICE.mp4,NICE,G_03_059
P11,008211570928101208-EASY TO_DO.mp4,EASYTODO,G_02_073
P11,40427187606136483-PEACOCK.mp4,PEACOCK,G_02_088
P11,05530025137611427-NOSE.mp4,NOSE,G_03_075
P11,6029326008328697-GYM.mp4,GYM,G_03_003
P11,27759301011387727-WEAVE.mp4,WEAVE,H_02_081
P11,30121385480613116-BACKPACK.mp4,BACKPACK1,G_03_091
P11,3468501303620588-WE.mp4,WE,G_03_019
P11,8815951423657669-JUICE 2.mp4,JUICE1,G_03_035
P11,16596632712560133-SCOLD.mp4,SCOLD,H_01_008
P11,038593312083922804-POWDER.mp4,POWDER,H_01_026
P11,7003151745672296-KNIGHT.mp4,KNIGHT1,H_01_054
P11,3729373760758441-FASHION.mp4,FASHION,J_01_010
P11,16033929123239354-KNOCK OFF.mp4,KNOCKOFF,H_03_035
P11,7065030075954539-MOSQUITO.mp4,MOSQUITO,H_03_053
P11,4765938481657712-JEWELRY.mp4,JEWELRY,H_03_040
P11,6070334632854324-ADVANTAGE.mp4,ADVANTAGE,H_03_059
P11,6519516823551013-SIGN PAPER.mp4,SIGNPAPER,H_03_094
P11,7513851311835607-DONT FEEL_LIKE.mp4,DONTFEELLIKE,J_01_005
P11,8842066438315097-LEAVE ALONE.mp4,LEAVEALONE,H_03_105
P11,19265994915195894-CLIENT.mp4,CLIENT,J_01_031
P11,9079761640862873-BREAKFAST.mp4,BREAKFAST1,J_01_053
P11,1376077126151507-CORNER.mp4,CORNER,J_03_071
P11,9023265448548654-HATBRIM.mp4,HATBRIM,J_03_106
P11,834306923511835-SWEAR IN.mp4,SWEARIN,J_02_016
P11,5457538393105004-INSTITUTE.mp4,INSTITUTE,J_02_047
P11,3430888344580414-PERCEIVE.mp4,PERCEIVE,J_02_063
P11,38345597128874354-STUMBLE.mp4,STUMBLE,J_02_079
P11,9870925988949069-CELEBRATE.mp4,CELEBRATE,J_02_100
P11,9249671710396259-TOSS.mp4,TOSS,J_03_009
P11,5155503863810784-DOG 2.mp4,DOG2,J_02_068
P11,26604528436164676-BOWLING 2.mp4,BOWLING2,K_01_067
P11,7920560169516004-RIDE 2.mp4,RIDE1,J_03_026
P11,5024636288389923-THEORY.mp4,THEORY,J_03_042
P11,48224352601953857-SHORT WORD.mp4,SHORTWORD,J_02_087
P11,18090437573246487-LABEL.mp4,LABEL,J_02_105
P11,9591382984730115-FIRED.mp4,FIRED,J_03_058
P11,646728958001183-ADVERTISE.mp4,ADVERTISE,J_03_015
P11,9312543877201078-DEMOTE.mp4,DEMOTE,J_03_031
P11,5466183976793917-INHALE.mp4,INHALE,J_03_048
P11,7315832050076649-CARDS.mp4,CARDS,J_03_065
P11,4561513369291419-MINIMUM.mp4,MINIMUM2,J_03_077
P11,6822166746288394-JUNIOR.mp4,JUNIOR,J_03_082
P11,409031159505977-NEXT DOWN.mp4,NEXTDOWN,J_03_101
P11,5671687081581385-GLOVES 3.mp4,GLOVES2,K_01_012
P11,9390642066840311-DARK.mp4,DARK1,J_03_094
P11,9336566992708129-HATCH 2.mp4,HATCH2,K_01_007
P11,12688336385196886-ARREST 2.mp4,ARREST2,K_01_023
P11,36443886346647103-ENVELOPE 4.mp4,ENVELOPE2,K_01_041
P11,6001300600007367-CELLPHONE.mp4,CELLPHONE,K_01_128
P11,2330895526212906-CURL 2.mp4,CURL1,K_01_072
P11,15836461688855152-KNIGHT 5.mp4,KNIGHT2,K_01_087
P11,8560783767089217-WINDMILL 2.mp4,WINDMILL2,K_01_118
P11,7511933799702428-SAW 2.mp4,SAW2,K_02_007
P11,4142933414166565-SUMMON.mp4,SUMMON,K_02_075
P11,12046278761083773-BANANA 2.mp4,BANANA2,K_02_097
P11,19174208785057245-PEACH 2.mp4,PEACH2,K_02_087
P11,4727164945745437-CHERRY 2.mp4,CHERRY1,K_02_113
P11,8347458596526272-ELEVATOR 3.mp4,ELEVATOR3,K_03_002
P11,8878663108389477-STACK 2.mp4,STACK1,K_02_102
P11,9679862842559772-BURY 2.mp4,BURY1,K_03_018
P11,5231170759705628-FUZZY.mp4,FUZZY,K_02_123
P11,931836283767659-SOMERSAULT 2.mp4,SOMERSAULT1,K_02_118
P11,6352771920129299-ARREST 3.mp4,ARREST3,K_03_036
P11,6947447915334206-BOIL 2.mp4,BOIL1,K_03_054
P11,27118171886055364-STACK 3.mp4,STACK2,K_03_069
P11,814001946307412-CARROT 3.mp4,CARROT2,K_03_075
P11,2201530479653817-VAMPIRE.mp4,VAMPIRE,K_03_123
P11,3205015176791943-POP 4.mp4,POP1,K_03_031
P11,677002673900035-MEA CULPA.mp4,MEACULPA,K_03_048
P11,855449619310598-SOMERSAULT 3.mp4,SOMERSAULT2,K_03_064
P11,9475495869745112-RABBIT.mp4,RABBIT1,C_02_024
P11,7167639622235054-MIX 3.mp4,MIX2,K_03_118
P11,7592054256105005-SNOW 2.mp4,SNOW2,K_03_081
P11,6596709066722906-BENEFIT.mp4,BENEFIT,C_02_056
P11,09936405951023719-EYES.mp4,EYES,C_01_062
P11,9571735188388641-CHURCH.mp4,CHURCH,C_02_018
P11,8850065499590631-COMPUTER MOUSE.mp4,COMPUTERMOUSE,C_01_073
P11,5754719885013022-NEED.mp4,NEED,C_02_034
P11,06251488842360597-PINEAPPLE.mp4,PINEAPPLE1,C_02_088
P11,9361759352490899-BONE.mp4,BONE,C_03_015
P11,6205374067385216-CHILDREN.mp4,CHILDREN,C_02_066
P11,20983626337681383-ORDER 2.mp4,ORDER2,C_03_036
P11,5087397952739707-PROBLEM 1.mp4,PROBLEM2,C_03_010
P11,03909923207087029-DROP.mp4,DROP,C_03_052
P11,9992594469711704-GAME.mp4,GAME,C_03_047
P11,3067471764316796-APPOINTMENT.mp4,APPOINTMENT,C_01_088
P11,6913530303249971-SCROLL DOWN.mp4,SCROLLDOWN,C_03_084
P11,23080435432349233-WELL.mp4,WELL,D_01_009
P11,3092701832015825-EGO.mp4,EGO,D_01_014
P11,33746486664369946-TELL.mp4,TELL,C_02_013
P11,22994787272783634-YESTERDAY.mp4,YESTERDAY,D_01_024
P11,11760568659815296-BALANCE.mp4,BALANCE,C_02_046
P11,13518821180805607-CALL.mp4,CALL1,C_02_061
P11,36875282208854276-AGREEMENT.mp4,AGREEMENT,C_02_078
P11,6126182627378671-DIRTY.mp4,DIRTY,C_03_026
P11,6901051427765104-NO.mp4,NO,C_03_041
P11,8589174106975292-CANOE.mp4,CANOE,D_01_045
P11,7963128603516363-GIRL.mp4,GIRL,C_03_073
P11,3174824806333201-BOAT.mp4,BOAT,D_01_055
P11,5739505297385641-SCHOOL.mp4,SCHOOL,C_03_089
P11,14394943975627617-IDEA.mp4,IDEA,D_01_085
P11,27165936791791956-THERMOMETER.mp4,THERMOMETER,D_02_012
P11,4621085723311942-LET KNOW.mp4,LETKNOW,D_02_028
P11,36388811739391325-PREACHER.mp4,PREACHER,D_01_019
P11,30597814036926896-MEET.mp4,MEET,D_02_018
P11,4993283542043576-ZIPPER.mp4,ZIPPER,D_01_034
P11,0870045630120777-ROLLERBLADING.mp4,ROLLERBLADING,D_02_033
P11,9311036293189849-FORFEIT.mp4,FORFEIT,D_02_038
P11,7804736119872511-NEWSPAPER.mp4,NEWSPAPER,D_02_053
P11,5675659230096435-GOD.mp4,GOD,D_02_068
P11,8628848551155803-LEAF.mp4,LEAF1,D_02_083
P11,11272869599260926-FRIEND.mp4,FRIEND,D_03_010
P11,1802107028588713-FULL.mp4,FULL,D_02_048
P11,4072740971688409-CRAZY.mp4,CRAZY,D_03_040
P11,10718820641763038-DRAW.mp4,DRAW,D_02_063
P11,22564312174500656-CAR.mp4,CAR,D_02_043
P11,7832566253329434-FRANCE.mp4,FRANCE,D_02_078
P11,8004797430235728-BEAT.mp4,BEAT,D_03_020
P11,14139081860382907-EXCUSE.mp4,EXCUSE,D_03_052
P11,8594953651438575-REVENGE.mp4,REVENGE,D_03_088
P11,03630546786141364-DOWNSIZE 2.mp4,DOWNSIZE2,D_02_058
P11,9447676712832813-LESSON.mp4,LESSON,D_03_083
P11,9229236586644618-SARCASTIC.mp4,SARCASTIC,E_01_005
P11,4783595775776386-YUCKY.mp4,YUCKY,E_01_011
P11,958285375966196-PLUG.mp4,PLUG1,E_01_022
P11,7562029210105239-SUSPENDERS 2.mp4,SUSPENDERS2,E_01_028
P11,9051320177371831-NUT.mp4,NUT1,D_02_073
P11,7571338476686205-FED UP.mp4,FEDUP,E_01_047
P11,6785992819227267-BYE.mp4,BYE,E_01_058
P11,617481493663421-END.mp4,END,E_01_074
P11,8288126621546343-CAROUSEL.mp4,CAROUSEL,E_01_063
P11,059840533211964475-NIECE.mp4,NIECE,E_01_080
P11,17874292474987374-BUT.mp4,BUT,D_03_030
P11,9296336939140872-SEQUENCE.mp4,SEQUENCE,E_02_008
P11,38419971041823353-ROCKET 1.mp4,ROCKET1,E_01_016
P11,3269683654770146-SPONTANEOUS.mp4,SPONTANEOUS,E_02_024
P11,778138920568572-MOST.mp4,MOST,E_01_085
P11,7680593510113265-CUT 1.mp4,CUT,E_02_046
P11,07068731373316339-LOLLIPOP.mp4,LOLLIPOP,E_02_095
P11,42951669186925145-DEPRESS.mp4,DEPRESS,E_02_059
P11,14270498645488616-FLOAT.mp4,FLOAT3,E_03_043
P11,3177867318423109-DISRUPT.mp4,DISRUPT,E_03_076
P11,7169641789573704-CAMERAMAN.mp4,CAMERAMAN,E_02_034
P11,9546526910064448-BEANS.mp4,BEANS,E_02_069
P11,3265323808932339-SLAVE.mp4,SLAVE,E_03_094
P11,389841321344345-INTUITIVE.mp4,INTUITIVE,F_01_006
P11,9233649352277189-VANILLA.mp4,VANILLA,F_01_022
P11,7395086188709719-COST.mp4,COST,E_03_020
P11,8241859816826882-ROOF.mp4,ROOF,F_01_039
P11,20385062280561583-SNEAK ADVENTURE.mp4,SNEAKADVENTURE,F_01_057
P11,7154051285188332-LOUSY.mp4,LOUSY,F_01_074
P11,8128219161971848-HIT 1.mp4,HIT1,F_02_005
P11,6203418860339192-LOOK FORWARD.mp4,LOOKFORWARD,F_02_022
P11,2647980963880656-SWIM.mp4,SWIM1,E_03_053
P11,12413588921788588-HEAD GRIND.mp4,HEADGRIND,E_03_033
P11,7864090988788781-GOAL.mp4,GOAL,E_03_048
P11,7321146997267207-OUTSIDE.mp4,OUTSIDE,E_03_071
P11,565836098415684-ORANGE THROAT.mp4,ORANGETHROAT,F_02_039
P11,44576664471675986-PEAS 1.mp4,PEAS1,F_01_017
P11,9898492699963999-EASEL.mp4,EASEL,F_01_044
P11,5797621452664394-GLUE 2.mp4,GLUE1,F_01_096
P11,8606413515732629-CLIMB LADDER.mp4,CLIMBLADDER,F_01_103
P11,03824727012702667-SNAP.mp4,SNAP,F_02_017
P11,5567047340098612-ISOLATED.mp4,ISOLATED,F_02_033
P11,8464614580928616-PEAS 2.mp4,PEAS2,F_02_052
P11,2514230342478936-BEAVER.mp4,BEAVER,F_02_067
P11,6253441936571076-BET.mp4,BET,F_02_027
P11,14170773650327373-DISTRACTED.mp4,DISTRACTED,F_02_098
P11,20968135810690014-FREEZE.mp4,FREEZE,F_03_010
P11,804627759784662-MEMBER.mp4,MEMBER,F_02_046
P11,3959694435516088-BEST.mp4,BEST,F_02_062
P11,6486586794874547-BAT 1.mp4,BAT2,F_03_043
P11,6334054867589103-MURDER.mp4,MURDER,F_02_077
P11,6473545425669365-OVER.mp4,OVER,F_03_079
P11,5012453751196593-DYE.mp4,DYE,F_02_092
P11,5368592624286077-GUILLOTINE 1.mp4,GUILLOTINE2,G_01_008
P11,16596957073537455-TAN.mp4,TAN,F_02_072
P11,488688939219577-THINK CONNECT.mp4,THINKCONNECT,F_02_087
P11,5247185728423776-THEY.mp4,THEY1,F_02_103
P11,6310435650017154-THUNDER.mp4,THUNDER,F_03_015
P11,6910918309809972-FAN.mp4,FAN,F_03_055
P11,7783432367536594-SCAR MEMORY.mp4,SCARMEMORY,F_03_089
P11,19408704532541354-LIMITED.mp4,LIMITED,G_01_003
P11,23080415685558053-SIGNING FLUENTLY.mp4,SIGNINGFLUENTLY,F_03_069
P11,8353894538260493-STARE.mp4,STARE,G_01_034
P11,05432325470509958-THOUGHT DISAPPEAR.mp4,THOUGHTDISAPPEAR,G_01_051
P11,9509689207816061-EVERYTHING.mp4,EVERYTHING,F_03_084
P11,4659910032168324-NOT USED_TO.mp4,NOTUSEDTO,F_03_100
P11,17778085843783997-SO.mp4,SO,G_01_069
P11,6275172560000937-STADIUM.mp4,STADIUM,G_01_086
P11,22501034684876142-MAID.mp4,MAID,G_01_044
P11,1264185852382016-BACKPACK 2.mp4,BACKPACK2,G_01_064
P11,08780887400750803-GREEN BEANS.mp4,GREENBEANS,G_02_001
P11,1561710112811696-VAIN.mp4,VAIN,G_02_017
P11,7331311635452133-GARLIC.mp4,GARLIC,G_02_028
P11,15664820593786377-BOW 2.mp4,BOW2,G_02_063
P11,1339029565614096-FRAME.mp4,FRAME,G_02_034
P11,23452335110135003-FOLLOW 1.mp4,FOLLOW2,G_01_058
P11,1063327971969128-CLAW.mp4,CLAW,G_02_071
P11,23603657098816666-HAHA.mp4,HAHA,G_02_103
P11,601762677882197-GOATEE.mp4,GOATEE,G_01_074
P11,7603424011902922-IF.mp4,IF,G_03_017
P11,954628370721726-SPREAD 1.mp4,SPREAD1,G_03_012
P11,548632501720524-STRAW.mp4,STRAW,G_01_092
P11,6799988397361612-PUT ASIDE.mp4,PUTASIDE,G_02_007
P11,23722844494563433-WISE.mp4,WISE,G_02_023
P11,7042353676804041-TEMPORARY.mp4,TEMPORARY,G_03_067
P11,8533710499487628-GOODY GOODY.mp4,GOODYGOODY,G_03_083
P11,33604846489636175-VERY INTERESTED.mp4,VERYINTERESTED,G_02_039
P11,230493893370197-EDIT.mp4,EDIT1,G_02_057
P11,7131882794292748-NOOSE.mp4,NOOSE,G_02_076
P11,4753617406497579-THESE.mp4,THESE,G_03_095
P11,41657305218085816-POSTPONE.mp4,POSTPONE,H_01_012
P11,41451117944718785-TRUCK 1.mp4,TRUCK1,G_03_007
P11,07186489244914629-JOIN.mp4,JOIN,G_03_039
P11,46504118059227384-SMOKE.mp4,SMOKE,H_01_046
P11,9443358461259816-SNOWMAN.mp4,SNOWMAN,G_03_073
P11,136068956471743-VOCABULARY.mp4,VOCABULARY,H_01_082
P11,9331202785579911-FILL OUT.mp4,FILLOUT,H_01_099
P11,22276555863615366-GO BACK_AND_FORTH.mp4,GOBACKANDFORTH,H_01_052
P11,05196955303761386-TENDENCY.mp4,TENDENCY,G_03_089
P11,6237384788034996-SPECIAL 2.mp4,SPECIAL2,H_01_068
P11,9243492866683103-BAND AID.mp4,BANDAID1,H_01_088
P11,42423923986414125-PUBLIC.mp4,PUBLIC,H_02_029
P11,8107187193619216-PERSPECTIVE.mp4,PERSPECTIVE,H_01_006
P11,4153553967461503-DONT NEED.mp4,DONTNEED,H_01_104
P11,9686760605850822-CHEERLEADER.mp4,CHEERLEADER1,H_02_045
P11,33704836209027045-SCOUT.mp4,SCOUT,H_02_099
P11,43267198903404314-TALK 2.mp4,TALK2,H_01_023
P11,39277101541702875-BOTHER.mp4,BOTHER,H_01_040
P11,1921141068217307-SOW.mp4,SOW,H_01_075
P11,35912431439665315-GET OFF.mp4,GETOFF,H_01_093
P11,6027466765860146-CAUGHT.mp4,CAUGHT,H_02_069
P11,9313162877972903-SURGERY.mp4,SURGERY,H_03_046
P11,42213418826379145-BLANK.mp4,BLANK,H_02_006
P11,07420345893976799-BRICK.mp4,BRICK,H_02_085
P11,605189465503331-KINDERGARTEN.mp4,KINDERGARTEN,H_03_062
P11,2589834497012111-PHILADELPHIA.mp4,PHILADELPHIA,H_02_023
P11,2386666420627117-FROM THEN_ON.mp4,FROMTHENON,H_02_040
P11,13484073771651062-INFECTION.mp4,INFECTION,H_02_057
P11,8182109638274087-SENIOR CITIZEN.mp4,SENIORCITIZEN,H_03_097
P11,1528591331813307-NEGATIVE.mp4,NEGATIVE,J_01_008
P11,8998292679056923-SHOOT.mp4,SHOOT1,J_01_024
P11,8754104811643055-AFTERNOON.mp4,AFTERNOON,J_01_040
P11,9343063241008813-TOY 2.mp4,TOY2,J_01_056
P11,6053086135905525-ERUPT 1.mp4,ERUPT1,H_03_017
P11,15253844589890608-PASS.mp4,PASS,H_03_033
P11,7954619989999274-VALIDATE.mp4,VALIDATE,H_03_051
P11,1904401365436641-STRANGLE.mp4,STRANGLE,J_01_093
P11,6571731452004765-SOON 3.mp4,SOON2,H_03_023
P11,33533857313286264-HOWL.mp4,HOWL,J_02_019
P11,4948252413510865-BOUNCE.mp4,BOUNCE,H_03_057
P11,317653457796087-PARALLEL.mp4,PARALLEL,H_03_067
P11,3742763984116624-ROOMMATE.mp4,ROOMMATE,H_03_073
P11,8013519942630776-DILEMMA.mp4,DILEMMA,J_01_003
P11,1954835499063905-HANDSOME 4.mp4,HANDSOME3,J_03_018
P11,6815694236161187-FRIENDS NO_MORE_1.mp4,FRIENDSNOMORE1,J_03_034
P11,7659083403200675-MARCH.mp4,MARCH,J_01_013
P11,6326787054941596-ATHLETE.mp4,ATHLETE,J_03_068
P11,24072124325512134-DESIGN.mp4,DESIGN,J_03_104
P11,21028251416976218-PUNCH FACE.mp4,PUNCHFACE,J_01_051
P11,27797140772865103-SANDWICH 4.mp4,SANDWICH2,K_01_015
P11,13959568211023643-POLISH.mp4,POLISH,J_01_086
P11,33126319393046-DIP 2.mp4,DIP2,K_01_065
P11,04209701709386082-AGAIN.mp4,AGAIN,J_02_013
P11,5831470425689733-SEVERAL.mp4,SEVERAL,J_01_099
P11,7821803355747314-CHERISH.mp4,CHERISH,J_02_033
P11,30648825864863616-ARM 2.mp4,ARM2,K_01_095
P11,5853454117401142-LOCKER.mp4,LOCKER,K_01_126
P11,47637615146016876-BOW 4.mp4,BOW3,K_02_016
P11,7832945506528641-STETHOSCOPE 4.mp4,STETHOSCOPE3,K_02_031
P11,8103443254454792-CAT 2.mp4,CAT2,K_02_047
P11,9195156826706392-REMIND.mp4,REMIND,J_02_103
P11,8560024223162925-JACKET 3.mp4,JACKET2,K_02_079
P11,32016934149860954-HALF HOUR.mp4,HALFHOUR,J_02_024
P11,420065353555064-LONG TIME.mp4,LONGTIME,J_03_013
P11,9262228071908314-DROWN 3.mp4,DROWN1,K_02_111
P11,7051113653934373-FACULTY.mp4,FACULTY,J_02_061
P11,04439788144937529-FOLLOW 4.mp4,FOLLOW3,K_03_016
P11,2309646453436378-TRIPLE.mp4,TRIPLE,J_02_077
P11,8252049641362087-INCREDIBLE.mp4,INCREDIBLE,J_03_080
P11,8808205457804947-FIREMAN 2.mp4,FIREMAN2,K_03_052
P11,31213075521643097-REPLACE.mp4,REPLACE,J_03_007
P11,33772827446817444-SLICE 4.mp4,SLICE3,K_03_067
P11,16662174623639148-KICK 2.mp4,KICK1,K_03_084
P11,9915102438259835-SELL.mp4,SELL,J_03_024
P11,3864751851488262-RESENT.mp4,RESENT,J_03_039
P11,21903975577530232-BOOTS 2.mp4,BOOTS1,K_03_101
P11,722358508988276-FOCUS.mp4,FOCUS,J_03_056
P11,11220069901963692-GRAPES 2.mp4,GRAPES2,K_01_010
P11,875636180762474-MAGNET 3.mp4,MAGNET1,K_01_026
P11,3880416767712487-DROWN 5.mp4,DROWN2,K_01_045
P11,8022248635855009-POOR.mp4,POOR,C_02_011
P11,7145484532728104-DEVELOP.mp4,DEVELOP1,J_03_092
P11,02177855213128943-CONDUCT 1.mp4,CONDUCT1,K_01_060
P11,3608172402037815-IPHONE.mp4,IPHONE,K_01_021
P11,9097187518610912-GRANDMOTHER.mp4,GRANDMOTHER,C_02_027
P11,6527488408706543-FILE 3.mp4,FILE1,K_01_038
P11,37036160849094246-CARROT 2.mp4,CARROT3,K_01_105
P11,8535876176303336-BALL.mp4,BALL,C_02_044
P11,7414568751264938-VILLAGE.mp4,VILLAGE,K_01_121
P11,24327672531045308-FURNITURE.mp4,FURNITURE,C_02_059
P11,982476170900255-CHEW 2_MOUTH.mp4,CHEW2MOUTH,K_01_100
P11,498159301794987-ENVELOPE 3.mp4,ENVELOPE4,K_03_062
P11,30145023445149355-PET 2.mp4,PET2,K_02_085
P11,8938574768907093-GUN.mp4,GUN1,D_02_046
P11,9448586239049852-PARACHUTE 2.mp4,PARACHUTE2,K_03_005
P11,6164137059139305-CLOCK.mp4,CLOCK2,D_02_076
P11,37641225337481-RUSSIA.mp4,RUSSIA,D_02_091
P11,9160196915754026-MAGIC.mp4,MAGIC,D_03_018
P11,9483257273905645-WHAT FOR 3.mp4,WHATFOR3,C_02_054
P11,23303605700610364-ENJOY.mp4,ENJOY,D_03_033
P11,41884104518222887-WANT.mp4,WANT2,C_03_013
P11,9005502934777307-EAGLE 2.mp4,EAGLE1,K_03_021
P11,39705901961132706-LOBSTER 2.mp4,LOBSTER2,K_03_039
P11,44182427699998494-CANDLE.mp4,CANDLE,C_03_060
P11,5183365335069552-NECKLACE 4.mp4,NECKLACE2,K_03_090
P11,9364108656072121-HOUSE.mp4,HOUSE,D_03_086
P11,046736878965636164-DOLL.mp4,DOLL,C_02_049
P11,5579042190173937-HAIRCUT.mp4,HAIRCUT,C_02_081
P11,952467108715948-ADULT.mp4,ADULT,C_03_008
P11,25990369289565907-SCAN.mp4,SCAN,C_03_039
P11,9423768506969235-HOT COMPETITION.mp4,HOTCOMPETITION,E_01_026
P11,780651801711858-CORKSCREW.mp4,CORKSCREW2,D_01_053
P11,3890922253632667-THEY 2.mp4,THEY2,E_01_044
P11,5287479144351797-TAIL.mp4,TAIL1,D_01_083
P11,9857832746144912-EARN.mp4,EARN,C_03_055
P11,07764295406370647-BICYCLE.mp4,BICYCLE,D_02_026
P11,013034176255974472-STEAK.mp4,STEAK,D_02_041
P11,6011963240610463-THIRSTY.mp4,THIRSTY,C_03_071
P11,17034198922030686-SMOKING.mp4,SMOKING,C_03_087
P11,013337730062159325-PATIENT 3.mp4,PATIENT3,D_02_056
P11,6598380675836313-DROWN.mp4,DROWN3,D_01_017
P11,7282432433089898-PAINT.mp4,PAINT,D_01_048
P11,4980201863035836-PRINCE.mp4,PRINCE,E_01_003
P11,025801027604510862-SPEND LOTS_OF_MONEY.mp4,SPENDLOTSOFMONEY,E_02_083
P11,6821106471189113-BOMB.mp4,BOMB,F_02_055
P11,53545173009574-SWING 2.mp4,SWING2,F_02_085
P11,08041330238334732-SOFT.mp4,SOFT,E_03_013
P11,785686932300774-CAR ACCIDENT.mp4,CARACCIDENT,E_03_029
P11,8212522796315285-CLAUSE.mp4,CLAUSE,F_03_013
P11,9377005568553618-WHITE.mp4,WHITE,E_03_046
P11,6207575535601315-CLUELESS.mp4,CLUELESS,F_03_082
P11,4611032306786558-TWINS.mp4,TWINS1,F_01_032
P11,9389375815232588-FREE.mp4,FREE,G_01_027
P11,2684276398558201-CANCER.mp4,CANCER1,F_01_047
P11,9116370372248463-CAMEL.mp4,CAMEL,G_01_042
P11,8781502178787044-TO A_GOAL.mp4,TOAGOAL,F_01_026
P11,5476916275354302-KNOCK.mp4,KNOCK,F_01_042
P11,19690153546016576-RUN OUT_OF.mp4,RUNOUTOF,G_01_077
P11,051010608693799364-DESSERT.mp4,DESSERT,F_01_094
P11,2710437926204661-SLIDE.mp4,SLIDE1,F_01_100
P11,435404740137469-LICK 2.mp4,LICK2,F_02_090
P11,74274647006079-OPERATE MACHINE.mp4,OPERATEMACHINE,G_02_026
P11,07904567828343656-LIPS.mp4,LIPS,G_02_043
P11,32301369933454316-BACKYARD.mp4,BACKYARD,F_03_003
P11,15250148904661343-BUFFALO.mp4,BUFFALO,F_03_033
P11,6047866132287782-PIN ON.mp4,PINON,G_02_096
P11,7302872737273045-NAIL.mp4,NAIL,G_03_010
P11,4553759540046711-FIX.mp4,FIX,G_03_043
P11,5716494130589187-ARGUE.mp4,ARGUE,F_03_072
P11,5584555568489951-SEVEN.mp4,SEVEN,F_03_087
P11,763744621347114-DINING ROOM.mp4,DININGROOM,F_02_049
P11,31349065890424477-HOLD.mp4,HOLD1,F_02_080
P11,03164683323367301-NEXT TO.mp4,NEXTTO,F_03_008
P11,5931011389828627-OCEAN.mp4,OCEAN,G_03_076
P11,38419417753872454-SKUNK.mp4,SKUNK,G_01_032
P11,05411995493172195-HALF.mp4,HALF,F_03_040
P11,5086018266191652-SOUR.mp4,SOUR,F_03_060
P11,3659138651857501-WEEKEND.mp4,WEEKEND,H_01_009
P11,2981912510923259-VISUALIZE.mp4,VISUALIZE,H_01_027
P11,27811536863094255-SCORE.mp4,SCORE,H_01_060
P11,49937827863221274-FENCE.mp4,FENCE1,G_01_006
P11,46009909342912336-IMMATURE.mp4,IMMATURE,G_01_082
P11,39249825255392556-CELERY.mp4,CELERY,G_02_048
P11,4094335677770893-DOCUMENT.mp4,DOCUMENT,H_01_097
P11,6653482131915947-PROGRAM.mp4,PROGRAM,G_02_084
P11,36145286283210654-VERY.mp4,VERY,G_02_101
P11,2742309477484919-BUSTED.mp4,BUSTED,G_01_022
P11,9896396686348268-HANDS OFF.mp4,HANDSOFF,H_02_027
P11,2310923441375088-TIME PROGRESS.mp4,TIMEPROGRESS,H_02_061
P11,45758623004365306-RESIST.mp4,RESIST,G_03_030
P11,0695161317966797-NEEDLE.mp4,NEEDLE,H_02_077
P11,06514089362348674-SOUND.mp4,SOUND,H_02_096
P11,5858701455526738-DUTY.mp4,DUTY,H_03_008
P11,487346462957007-MEMORIZE.mp4,MEMORIZE,G_03_081
P11,033850457965703074-PROTEST.mp4,PROTEST,H_03_026
P11,46893382274161577-BOIL.mp4,BOIL2,G_03_101
P11,8608781713075291-ONE MORE_1.mp4,ONEMORE1,H_03_041
P11,7087249044972799-SPILL 1.mp4,SPILL1,G_01_037
P11,8156844625418511-SELF.mp4,SELF,H_01_015
P11,8459217460561876-DEVELOP 2.mp4,DEVELOP2,H_01_050
P11,5733184678253849-TOW 1.mp4,TOW2,H_01_086
P11,26080500046684585-PHILOSOPHY.mp4,PHILOSOPHY,H_03_095
P11,528792467725208-SHARP 1.mp4,SHARP1,G_01_055
P11,2507560412296621-HOLY.mp4,HOLY,G_01_072
P11,2887872441452457-FINGERS CROSSED.mp4,FINGERSCROSSED,J_01_006
P11,22601641276027506-QUARTER.mp4,QUARTER,H_02_049
P11,9994734277336612-STUDY.mp4,STUDY,G_01_090
P11,10087717732247281-HONGKONG.mp4,HONGKONG,G_02_004
P11,33656105072868026-COACH.mp4,COACH,H_02_083
P11,9051720789110396-DIZZY.mp4,DIZZY,H_02_102
P11,5136429057917802-CONVINCE 2.mp4,CONVINCE2,H_03_013
P11,06361392201471161-PAIR.mp4,PAIR,H_03_031
P11,5829836913482895-BLINK.mp4,BLINK,G_02_055
P11,13159646710732065-NAVY.mp4,NAVY,H_03_049
P11,847771335330531-UNAWARE.mp4,UNAWARE,H_03_082
P11,10112111047846306-SAVE MONEY.mp4,SAVEMONEY,G_02_074
P11,4746918347594886-HEAD BACK.mp4,HEADBACK,H_03_100
P11,8421582048810088-CATCH 2.mp4,CATCH1,J_01_073
P11,9858652794324811-W.H.A.T.mp4,W.H.A.T,G_02_089
P11,10550280118537914-CALM.mp4,CALM,G_03_004
P11,014494755970356099-DOWN.mp4,DOWN,G_03_055
P11,24210500837197402-KICK.mp4,KICK2,G_03_087
P11,7830401066615937-LINGUISTICS.mp4,LINGUISTICS,H_01_004
P11,40185252517057113-CRASH.mp4,CRASH,J_02_017
P11,5712649783747401-BURN 1.mp4,BURN,J_02_037
P11,398569289195311-LOAD.mp4,LOAD1,H_01_055
P11,4218372314368639-SINGLE OUT.mp4,SINGLEOUT,J_01_061
P11,4959555957877657-WASH FACE_2.mp4,WASHFACE2,J_01_078
P11,005692139139140684-STACK.mp4,STACK3,J_01_096
P11,22177310678006412-SAME TIME.mp4,SAMETIME,H_02_021
P11,5143234653024673-GREAT.mp4,GREAT,J_03_016
P11,7603542118991584-CALIFORNIA.mp4,CALIFORNIA,H_02_038
P11,7843640568977861-ADMIRE.mp4,ADMIRE,J_03_049
P11,08492579560792146-CARRY.mp4,CARRY,J_02_042
P11,884803850548538-TWO WEEKS.mp4,TWOWEEKS,J_03_066
P11,21748804524768928-FLIP.mp4,FLIP,H_02_088
P11,4396860200605568-AGAINST.mp4,AGAINST,H_03_003
P11,5932842545921191-DEAL CARDS.mp4,DEALCARDS,J_02_074
P11,3966302049377928-ROLE.mp4,ROLE,H_03_036
P11,8543021830605528-SHOVEL 2.mp4,SHOVEL2,K_03_008
P11,330979372834568-VASE.mp4,VASE,E_02_028
P11,3910113463744025-APART.mp4,APART,E_02_033
P11,19317677128230293-HANG.mp4,HANG,E_02_063
P11,6083729122815429-KNIFE 2.mp4,KNIFE2,K_03_043
P11,497316279011085-CRY 4.mp4,CRY3,K_03_060
P11,17037569924963014-CHEW 4.mp4,CHEW4,K_03_094
P11,9124960857292996-WALRUS.mp4,WALRUS,E_02_078
P11,7186687071339644-BUBBLES.mp4,BUBBLES,E_02_052
P11,3163132320722697-CATCH 3.mp4,CATCH2,K_03_109
P11,6566709580679297-CANNOT.mp4,CANNOT,E_02_094
P11,44373366969083006-PIZZA CUTTER.mp4,PIZZACUTTER,E_02_084
P11,08280548712672076-SALT SHAKER.mp4,SALTSHAKER,E_02_100
P11,8590319746220068-ROCKING CHAIR 2.mp4,ROCKINGCHAIR2,E_03_024
P11,7413431538881681-ZOO.mp4,ZOO,E_03_042
P11,8238857830127029-GUIDE.mp4,GUIDE,E_03_057
P11,7430616681897697-EASTER.mp4,EASTER,E_03_032
P11,4324436846038371-REGISTER.mp4,REGISTER,F_01_021
P11,6634197810013307-GATE.mp4,GATE,E_03_064
P11,5608254719940275-PROPELLER 1.mp4,PROPELLER,F_01_038
P11,8217461136679527-BOLT.mp4,BOLT,F_01_089
P11,733342809835573-DEAF 2.mp4,DEAF2,E_03_098
P11,7745153546280414-MUST.mp4,MUST,F_02_004
P11,6960367535415288-SPORTS.mp4,SPORTS,C_03_035
P11,5047236716495902-JEALOUS.mp4,JEALOUS,C_03_051
P11,8534746275980118-NOT YET.mp4,NOTYET,D_01_044
P11,48582056242680793-HOW 2.mp4,HOW2,F_02_086
P11,01889600790312085-DRIP.mp4,DRIP,F_02_102
P11,9213763864710183-ANTLERS.mp4,ANTLERS,F_01_027
P11,7209098064269874-MONSTER.mp4,MONSTER,F_03_014
P11,12685443616038272-FORGETFUL.mp4,FORGETFUL,D_02_017
P11,21796610333568833-SEEM.mp4,SEEM,F_01_043
P11,8579219747957254-QUIT.mp4,QUIT,F_01_079
P11,45151012977533345-NIGHT 2.mp4,NIGHT2,D_02_047
P11,8442141767063756-PUSH.mp4,PUSH,D_02_077
P11,6758883013271935-SWEATER.mp4,SWEATER3,D_02_092
P11,7084219388965873-GRADE.mp4,GRADE,F_02_076
P11,5345690554787503-BRING.mp4,BRING,F_03_004
P11,33491372169980327-SIT.mp4,SIT,D_03_034
P11,042850527736169486-MARIONETTE.mp4,MARIONETTE,F_03_073
P11,9373882715253985-GO TO_JAIL.mp4,GOTOJAIL,F_03_099
P11,8118105117323426-BUS.mp4,BUS,E_01_004
P11,11762779758901187-PITCHER.mp4,PITCHER,G_01_028
P11,029797188792581197-CLAP.mp4,CLAP,G_01_096
P11,25072040263289774-CAR BATTERY.mp4,CARBATTERY,E_01_039
P11,6036457595999998-TRADITION.mp4,TRADITION,J_03_023
P11,679028837328383-JEWISH.mp4,JEWISH,C_03_032
P11,07001901853278514-GUN 2.mp4,GUN3,K_03_105
P11,9971101658944022-MONEY 2.mp4,MONEY2,K_01_104
P11,7610787111957336-SEE.mp4,SEE,C_02_030
P11,4760386141198871-STUPID 2.mp4,STUPID2,C_02_047
P11,012024037412041277-THINK PONDER.mp4,THINKPONDER,K_01_120
P11,47762344542096713-LIST.mp4,LIST,D_01_041
P11,7679835489481794-MASCARA.mp4,MASCARA,D_01_071
P11,8868426617376806-NEVER.mp4,NEVER,C_02_079
P11,7604398797590965-PITY.mp4,PITY,C_03_022
P11,36780249341290494-WADE.mp4,WADE2,H_01_036
P11,9174915733024191-GIVE.mp4,GIVE,F_01_023
P11,04233500785074873-GRANDPARENTS.mp4,GRANDPARENTS,H_01_089
P11,9156295877745735-SHARP 2.mp4,SHARP2,H_01_105
P11,5793719029270319-ASSIGN.mp4,ASSIGN,H_02_036
P11,8514759046541622-CATEPILLAR.mp4,CATEPILLAR,G_01_025
P11,09861360354290327-APRIL.mp4,APRIL,H_02_070
P11,13787437000711744-DELEGATE.mp4,DELEGATE,H_03_001
P11,8889306575596292-ARTICULATE SIGN.mp4,ARTICULATESIGN,J_01_014
P11,9714844413777097-YAY.mp4,YAY,J_01_030
P11,3132175920287925-BREAKTIME.mp4,BREAKTIME,J_01_047
P11,5056271570503592-WHEELBARROW.mp4,WHEELBARROW,F_03_070
P11,3363638236351272-DEDICATE 1.mp4,DEDICATE2,F_03_085
P11,6858322381583737-RUN 2.mp4,RUN2,J_01_100
P11,5030867743261298-FEED.mp4,FEED2,G_03_058
P11,15498675309554577-YES.mp4,YES,G_03_074
P11,20918037420076163-INTERPRET.mp4,INTERPRET,J_02_009
P11,08009242795073712-CROSS 2.mp4,CROSS3,H_01_007
P11,8667504162692192-SENTENCE 2.mp4,SENTENCE2,H_01_025
P11,5300617962446128-WHEELCHAIR.mp4,WHEELCHAIR,G_01_046
P11,09820261529418906-HANDS.mp4,HANDS,G_01_065
P11,2467925514021787-COUCH 1.mp4,COUCH,G_02_013
P11,13167029746459424-BEACH.mp4,BEACH,G_02_029
P11,3807074098702874-FRINGE.mp4,FRINGE,G_02_046
P11,6827314177791297-RECITE.mp4,RECITE,J_02_078
P11,12846815344591667-EIGHT.mp4,EIGHT,J_02_099
P11,42199887012621873-BOILING MAD.mp4,BOILINGMAD,H_02_025
P11,19087519621873716-MESS.mp4,MESS,J_03_008
P11,6682826335491796-WHALE.mp4,WHALE,G_03_013
P11,2951912390537861-HOLD HANDS.mp4,HOLDHANDS,H_02_075
P11,9010587895307614-ALRIGHT.mp4,ALRIGHT,J_03_025
P11,8910831512175346-INDEPENDENT.mp4,INDEPENDENT,J_03_040
P11,7825517213218041-ALWAYS.mp4,ALWAYS,J_03_076
P11,8992648299184234-ROW.mp4,ROW,G_03_047
P11,8077454549747687-SPACE.mp4,SPACE,H_03_093
P11,34842922230165296-NECKLACE 2.mp4,NECKLACE3,K_01_071
P11,3088527733047839-TIME TO_TIME.mp4,TIMETOTIME,J_01_020
P11,854649812942605-GROW UP.mp4,GROWUP,J_01_036
P11,46129857993083156-CURL.mp4,CURL2,J_01_052
P11,8315687429618404-ELEMENTARY SCHOOL.mp4,ELEMENTARYSCHOOL,J_01_070
P11,5856332426176725-OOH.mp4,OOH,H_01_013
P11,4622431019785538-SCARF 3.mp4,SCARF3,K_01_086
P11,022488251670931714-WOMAN 2.mp4,WOMAN2,K_01_101
P11,4294096044035227-PROXIMALIZATION.mp4,PROXIMALIZATION,J_01_106
P11,2787196862158099-JAW DROP.mp4,JAWDROP,J_02_014
P11,6734665206220465-LISTEN.mp4,LISTEN,K_01_117
P11,3487551577883168-BARK.mp4,BARK2,J_02_051
P11,18775463934353498-SPLASH-CA.mp4,SPLASH-CA,K_02_037
P11,6103071076199975-HAIR 2.mp4,HAIR2,K_02_053
P11,08127377574179473-CONFUSED 2.mp4,CONFUSED2,J_02_067
P11,732677067879538-TURN AROUND.mp4,TURNAROUND,J_02_086
P11,23242980771656097-ADOPT.mp4,ADOPT,J_03_014
P11,09907524899340858-MASSAGE.mp4,MASSAGE,H_01_100
P11,8172629252818373-SUNBATHE.mp4,SUNBATHE2,H_02_013
P11,530058616895372-SHOULDER 2.mp4,SHOULDER3,K_03_006
P11,7782424827798466-WITCH 2.mp4,WITCH2,K_03_022
P11,33619154412183283-IRON 3.mp4,IRON2,K_03_040
P11,704489524232337-FIFTH.mp4,FIFTH,J_03_046
P11,6353678651644898-DISSOLVE.mp4,DISSOLVE,J_03_081
P11,5704008134221903-PIPE 4.mp4,PIPE4,K_01_011
P11,6862693650683476-BORED 2.mp4,BORED2,K_03_122
P11,7695245700631808-FORK 4.mp4,FORK4,K_01_027
P11,2650541699002673-CREAM 2.mp4,CREAM2,K_01_046
P11,31467415302076707-KNOW NOTHING.mp4,KNOWNOTHING,H_02_064
P11,11336906920252776-INTELLIGENT.mp4,INTELLIGENT,H_02_080
P11,8954972568181832-PAGEANT.mp4,PAGEANT,H_02_100
P11,3513294257836972-DUE.mp4,DUE,H_03_011
P11,8149314536386099-REACH.mp4,REACH,K_01_107
P11,7427169117618664-RIBBON AWARD.mp4,RIBBONAWARD,K_01_122
P11,746453613787869-PINEAPPLE 3.mp4,PINEAPPLE5,K_02_011
P11,6456716537968419-CAN 2.mp4,CAN2,K_02_027
P11,10745845567167822-VISIT.mp4,VISIT,H_03_080
P11,15959462773239386-CATCH BASEBALL.mp4,CATCHBASEBALL,K_02_058
P11,6827150913923052-DRIBBLE.mp4,DRIBBLE,K_02_074
P11,9696651708961188-IRON 2.mp4,IRON3,K_02_106
P11,03209066630836954-HOODIE 2.mp4,HOODIE2,K_02_122
P11,09126119143308142-PICKLE.mp4,PICKLE,H_03_098
P11,39395647859710725-LIFT 2.mp4,LIFT2,K_03_029
P11,27847327067410066-SPREAD 2.mp4,SPREAD3,K_03_080
P11,4624036322146179-SHARPEN 2.mp4,SHARPEN3,K_03_097
P11,141518298023662-VISION.mp4,VISION,J_01_025
P11,00470972612653453-GO AHEAD.mp4,GOAHEAD,J_01_041
P11,50849484105267-MAJOR.mp4,MAJOR,J_01_057
P11,10890983161979806-OVERNIGHT.mp4,OVERNIGHT,J_01_076
P11,1716692187594031-LOOK BACK.mp4,LOOKBACK,J_01_094
P11,31380111853726556-PINCH 2.mp4,PINCH2,K_03_112
P11,6587281459977825-CANCEL 2.mp4,CANCEL2,J_02_040
P11,7457612934013615-RECENT 2.mp4,RECENT2,J_02_056
P11,28507718429232076-OBSESS.mp4,OBSESS,J_03_002
P11,8918322853558756-AUSTRALIA.mp4,AUSTRALIA,J_03_035
P11,7888485677582386-SHAKESPEARE.mp4,SHAKESPEARE,J_03_105
P11,1373325632136797-CRASH PLANE.mp4,CRASHPLANE,K_01_034
P11,19892803192053732-LOBSTER 3.mp4,LOBSTER3,K_01_051
P11,2589550549554134-HELMET 2.mp4,HELMET2,K_01_066
P11,6215718197510753-ELECTROCUTE.mp4,ELECTROCUTE,K_01_096
P11,3614629071116857-MAIL 2.mp4,MAIL2,K_01_112
P11,9887421658422988-UNIVERSE.mp4,UNIVERSE,K_01_127
P11,3056302859196467-STRAWBERRY 2.mp4,STRAWBERRY4,K_02_017
P11,3876339718744466-YAWN 2.mp4,YAWN4,K_02_048
P11,570724538000748-NECKLACE 3.mp4,NECKLACE4,K_02_080
P11,23955800426666274-UNDERWEAR 2.mp4,UNDERWEAR2,K_02_112
P11,22899839608722283-CREWCUT.mp4,CREWCUT,K_02_127
P11,5853311409575748-TIE UP_1.mp4,TIEUP1,K_03_035
P11,7373941409863622-JACKET 4.mp4,JACKET4,K_03_053
P11,18122542167415756-OIL 2.mp4,OIL3,K_03_068
P11,8848569892975922-GLUE 1.mp4,GLUE2,K_03_117
P11,319208222723425-FROWN 1.mp4,FROWN2,F_02_057
P11,8726238653025118-EQUAL.mp4,EQUAL,C_01_052
P11,3472289372208732-DIVE.mp4,DIVE,D_02_029
P11,492186747511975-BROWN.mp4,BROWN,D_03_045
P11,8876069735889438-ART.mp4,ART,C_01_075
P11,6382894298165942-HAIRDRYER.mp4,HAIRDRYER1,B_02_078
P11,8503215784770284-TALL 2.mp4,TALL1,B_01_030
P11,2901723882949996-LETTER.mp4,LETTER1,C_01_031
P11,8867515036841913-STETHOSCOPE.mp4,STETHOSCOPE1,D_03_028
P11,775238602408155-THURSDAY.mp4,THURSDAY,B_02_045
P11,08539428211206723-DEATH.mp4,DEATH,A_01_076
P11,8232332315689765-POOL GAME.mp4,POOLGAME,D_02_010
P11,45006166297196293-SNOW.mp4,SNOW1,A_01_057
P11,1685772944266264-IRON.mp4,IRON1,D_01_063
P11,2848409796144791-HIGH.mp4,HIGH,C_02_045
P11,3965765857916759-BREATHE.mp4,BREATHE,D_03_051
P11,04484480192309426-NEW YORK.mp4,NEWYORK,B_01_034
P11,8642558493816572-LAWYER.mp4,LAWYER,A_03_007
P11,068101939009515-ACCOMPLISH.mp4,ACCOMPLISH,C_02_085
P11,5030860657990843-CLOUD.mp4,CLOUD1,D_01_092
P11,18891783399048312-TURKEY.mp4,TURKEY1,A_02_078
P11,9697621013006055-WHAT FOR.mp4,WHATFOR1,C_02_054
P11,41191127066175914-WEST.mp4,WEST,D_03_053
P11,7931816245563963-THEATRE.mp4,THEATRE,D_01_052
P11,46003847245249685-GOLD.mp4,GOLD,D_02_009
P11,6925674419934398-SCARF.mp4,SCARF1,A_03_013
P11,5142572502501956-THIN.mp4,THIN,C_02_002
P11,08655342434881286-EMPEROR.mp4,EMPEROR,C_03_005
P11,8508458801037391-BIRTH.mp4,BIRTH,C_02_076
P11,17269565340111193-OFFICE.mp4,OFFICE,A_01_063
P11,26864120019163384-INTERNET.mp4,INTERNET,C_02_032
P11,5839475530033846-WET.mp4,WET,B_02_065
P11,9640285084368438-LOBSTER.mp4,LOBSTER1,D_01_072
P11,9443340814531092-BREAK.mp4,BREAK,D_01_069
P11,5890477453234004-SAME.mp4,SAME1,B_02_009
P11,26378912740269156-BAD.mp4,BAD,B_02_082
P11,8132540827392531-SHAMPOO.mp4,SHAMPOO,D_01_035
P11,016094158151485072-MY.mp4,MY,C_01_060
P11,41933820635700836-NOT CARE.mp4,NOTCARE,D_03_044
P11,1792184090128197-DOCTOR.mp4,DOCTOR1,A_03_020
P11,433958758562073-HAMBURGER.mp4,HAMBURGER,A_01_004
P11,7270225514605089-CRAWL.mp4,CRAWL1,D_01_068
P11,9933121539066432-BUSINESS.mp4,BUSINESS,D_01_022
P11,06003899001497115-BASKETBALL.mp4,BASKETBALL1,A_03_045
P11,07456615489176754-FRUSTRATE.mp4,FRUSTRATE,C_02_050
P11,5539762052421713-SNAKE.mp4,SNAKE,A_01_043
P11,8115512656574366-PROMOTE.mp4,PROMOTE,D_01_061
P11,07895868379327631-WEDNESDAY.mp4,WEDNESDAY,B_03_056
P11,6767343150740261-WALK.mp4,WALK1,D_02_057
P11,28542089724283115-DIAMOND.mp4,DIAMOND,A_01_066
P11,9708327245803046-LOUD.mp4,LOUD,D_02_007
P11,7109569813886274-GOLF.mp4,GOLF,A_02_017
P11,05276778286517381-SQUIRREL.mp4,SQUIRREL,C_03_020
P11,05789382245740726-RESPONSIBILITY.mp4,RESPONSIBILITY,B_01_018
P11,8727128243275795-ELEGANCE.mp4,ELEGANCE,D_03_042
P11,35508257875719273-ERASER.mp4,ERASER,C_01_072
P11,7430315525790383-AIRPLANE.mp4,AIRPLANE,D_03_068
P11,8759675081657303-PATIENT.mp4,PATIENT1,B_01_060
P11,769013588582327-CRY.mp4,CRY1,B_03_028
P11,8733308156320021-PRESIDENT.mp4,PRESIDENT,D_02_016
P11,9908091589551744-CHINA.mp4,CHINA,D_03_061
P11,09385112064992884-SNOB.mp4,SNOB,B_03_042
P11,1298715317273489-MEAN.mp4,MEAN1,C_01_046
P11,07422766285725646-LECTURE.mp4,LECTURE,C_03_048
P11,8389496715994231-SUN.mp4,SUN,C_02_003
P11,27655738491436077-LOYAL.mp4,LOYAL,D_03_017
P11,020406081701011436-POINT.mp4,POINT,D_01_075
P11,9931923430169016-MICROSCOPE.mp4,MICROSCOPE1,A_03_076
P11,5389522809985581-TIRED.mp4,TIRED,D_02_050
P11,8270409786931296-WAIT.mp4,WAIT,B_02_016
P11,34729552064920166-CLASS.mp4,CLASS,B_03_068
P11,40884665207927284-FINGERSPELLING.mp4,FINGERSPELLING,B_03_065
P11,6549968542426465-SKATEBOARDING.mp4,SKATEBOARDING1,C_02_052
P11,49520332300410974-BRACELET.mp4,BRACELET,A_03_024
P11,718305545661964-ABOUT.mp4,ABOUT1,B_02_072
P11,6529004307812116-DEEP.mp4,DEEP,C_03_006
P11,6885560937754855-BACON.mp4,BACON,A_03_073
P11,36410599686598655-MATH.mp4,MATH,A_03_027
P11,8832368395409689-OOPS.mp4,OOPS,D_03_056
P11,7307376889210087-MANY.mp4,MANY,D_03_065
P11,0880216992850611-WEDDING.mp4,WEDDING,D_03_015
P11,023728040150698737-TOILET.mp4,TOILET,A_02_038
P11,9958532597521785-CONGRATULATIONS.mp4,CONGRATULATIONS,B_02_022
P11,9628370236804669-DENTIST.mp4,DENTIST1,A_01_014
P11,3126014046823984-GLOVES.mp4,GLOVES1,A_02_026
P11,8182959984106635-POWER.mp4,POWER,C_03_069
P11,9187242957613455-FROM.mp4,FROM,D_01_059
P11,8539244628879097-ABOUT 2.mp4,ABOUT2,B_02_003
P11,22200254173455058-TIGER.mp4,TIGER,A_01_050
P11,42910870583344485-SISTER.mp4,SISTER,D_03_050
P11,47604135774952594-LAPTOP.mp4,LAPTOP,C_03_042
P11,03244901112340237-START.mp4,START,B_01_011
P11,792802959666431-SODA.mp4,SODA,C_03_030
P11,7681618079965351-MUSIC.mp4,MUSIC,A_01_080
P11,08916071440129603-GUESS.mp4,GUESS1,D_02_013
P11,801003881257011-WORRY.mp4,WORRY,C_02_015
P11,4160192129305762-PERCENT.mp4,PERCENT,C_02_082
P11,2961304996896019-PHONE.mp4,PHONE,A_02_040
P11,7205034689378012-PULL.mp4,PULL,D_02_062
P11,9091520834502331-INJECT.mp4,INJECT,D_03_009
P11,5019236301933865-PENCIL.mp4,PENCIL,A_02_053
P11,5150904418104305-BEAR.mp4,BEAR,D_03_063
P11,21734385004764167-ACCIDENT.mp4,ACCIDENT,B_02_059
P11,10211413460051655-CHEESE.mp4,CHEESE,A_02_021
P11,7887687395593674-ATTENTION.mp4,ATTENTION,A_03_089
P11,07434674923215923-SILLY.mp4,SILLY,B_01_090
P11,3590726251614711-BEDROOM.mp4,BEDROOM,D_01_056
P11,4533311014452934-CHECK.mp4,CHECK,B_03_040
P11,40723216723050504-WATER.mp4,WATER,A_02_031
P11,13465977510126748-HOLIDAY.mp4,HOLIDAY,D_03_031
P11,17787816025912107-SENTENCE.mp4,SENTENCE1,NA
P11,6902889246114767-HIGH SCHOOL.mp4,HIGHSCHOOL,C_02_060
P11,8468061572310492-CUTE.mp4,CUTE1,C_01_045
P11,7546947679786156-SCREWDRIVER.mp4,SCREWDRIVER1,D_02_023
P11,8646796456836814-HELP.mp4,HELP,D_01_042
P11,9387043514858082-REASON.mp4,REASON,C_01_076
P11,08229559234139794-SYMPATHY.mp4,SYMPATHY,D_01_090
P11,49370323127011995-DISNEY.mp4,DISNEY,D_03_035
P11,4037307171992752-BREAKDOWN.mp4,BREAKDOWN2,B_01_064
P11,4788963599302589-BIRTHDAY.mp4,BIRTHDAY,D_01_054
P11,709557729694458-STIR.mp4,STIR,D_03_055
P11,9941614592907033-DOG.mp4,DOG1,A_01_056
P11,8466697968383217-REMOTE CONTROL.mp4,REMOTECONTROL,B_03_004
P11,889448489866657-PIRATE.mp4,PIRATE,A_03_058
P11,8705042083655103-WARM.mp4,WARM,B_02_047
P11,9157460455592226-COLD.mp4,COLD,C_02_068
P11,04067548297534063-TRANSLATE.mp4,TRANSLATE,D_01_080
P11,5200937857569967-ORDER.mp4,ORDER1,C_02_064
P11,9392976992965334-ONION.mp4,ONION,A_03_038
P11,6834596865975375-SCRIPT.mp4,SCRIPT,H_03_081
P11,1369335629362245-HANDCUFFS.mp4,HANDCUFFS,G_01_088
P11,21146497420591048-MEDITATE.mp4,MEDITATE1,J_01_037
P11,3711760688821131-ENEMY.mp4,ENEMY,E_02_045
P11,15594109439614567-BOW.mp4,BOW1,F_03_065
P11,009132911467514493-HURRICANE.mp4,HURRICANE,F_02_061
P11,24380987615871086-MEMORIZE MEMORIZE.mp4,MEMORIZEMEMORIZE,E_03_010
P11,2417461745308609-PLAN.mp4,PLAN,E_03_034
P11,29973631007014245-INTERVIEW.mp4,INTERVIEW,H_02_054
P11,698140645669872-NONE.mp4,NONE,J_02_046
P11,1604666672705526-EXPLODE.mp4,EXPLODE,H_01_053
P11,19002278795085248-PANCAKE.mp4,PANCAKE,G_03_068
P11,15598633670037798-UDDER.mp4,UDDER,F_02_084
P11,9884491122220644-PLACE.mp4,PLACE,G_01_029
P11,7035011131592921-FLIPFLOPS.mp4,FLIPFLOPS,F_03_077
P11,16558528171205977-PLANT.mp4,PLANT,E_01_029
P11,1861803709292078-OSTRICH.mp4,OSTRICH,F_03_098
P11,23840920972624646-HYPOCRITE.mp4,HYPOCRITE,F_03_024
P11,38138186707701327-STAPLER.mp4,STAPLER,G_02_005
P11,8935160056855844-REAL SICK.mp4,REALSICK,G_01_071
P11,1900336093922108-DIP.mp4,DIP1,J_01_063
P11,25651895205205744-HAD ENOUGH.mp4,HADENOUGH,H_01_090
P11,2910942938634318-JELLYFISH.mp4,JELLYFISH,G_03_049
P11,028798284922666895-SUSPENDERS.mp4,SUSPENDERS1,E_03_077
P11,670269253669108-UP.mp4,UP,E_01_069
P11,21912688008400893-BEE.mp4,BEE1,J_02_101
P11,2996795798559635-CHAMP.mp4,CHAMP,J_03_030
P11,4472763276605669-HATCH.mp4,HATCH1,J_02_069
P11,7317264677172992-PLOW.mp4,PLOW1,H_02_058
P11,80935991829741-LEAK.mp4,LEAK,F_02_038
P11,14956272464917553-TURN KEY.mp4,TURNKEY,E_01_056
P11,19537836574665235-BITE ON NECK.mp4,BITEONNECK,E_03_035
P11,7408130865318614-WALLET.mp4,WALLET,F_01_081
P11,11137281856386338-MENTION.mp4,MENTION,J_03_012
P11,49715791083486915-FOREST.mp4,FOREST,G_01_038
P11,4305895784679441-MINIMUM 2.mp4,MINIMUM1,NA
P11,7078847616027575-LOOK LIKE.mp4,LOOKLIKE,G_03_029
P11,8251211432581815-TYPE.mp4,TYPE1,F_03_059
P11,11931963343562568-EXCITED.mp4,EXCITED,H_01_102
P11,13476154364350634-FAMOUS.mp4,FAMOUS,E_03_085
P11,8317155939997087-BREAK DOWN.mp4,BREAKDOWN1,F_01_030
P11,15676100758030298-EMPTY.mp4,EMPTY1,E_02_072
P11,7679901428021851-JUMP ROPE.mp4,JUMPROPE,G_01_019
P11,25367378147992947-AGENCY.mp4,AGENCY,H_01_044
P11,8100853094680862-FUNCTION.mp4,FUNCTION,J_02_071
P11,9262331125577417-BANDAID.mp4,BANDAID2,F_02_020
P11,7641097699217954-INSTINCT.mp4,INSTINCT,NA
P11,4989310849320634-PROCESS.mp4,PROCESS,E_03_055
P11,8627280299282494-BAT.mp4,BAT1,F_02_028
P11,22370913144802929-HONK.mp4,HONK,H_01_074
P11,35052285468854505-EVERYDAY.mp4,EVERYDAY,E_01_084
P11,8033419478356281-EXAMPLE.mp4,EXAMPLE,G_02_024
P11,3483728605390055-MEXICAN.mp4,MEXICAN1,J_02_045
P11,4394027253628445-TONGUE.mp4,TONGUE,G_03_057
P11,06601262349908255-DEGREE.mp4,DEGREE,J_01_021
P11,1553739280087194-RESULT.mp4,RESULT,J_01_039
P11,14851813816064463-AUDITORIUM.mp4,AUDITORIUM,F_02_021
P11,04899736287036971-ARREST.mp4,ARREST1,H_03_074
P11,30210316182288643-HARMONICA.mp4,HARMONICA,G_03_054
P11,0896791664810681-PLAYERS.mp4,PLAYERS,G_03_062
P11,6916434410896701-SOCIALIZE.mp4,SOCIALIZE,H_01_021
P11,6097077480528508-ACCESS.mp4,ACCESS,H_02_086
P11,554283341537833-A LITTLE BIT.mp4,ALITTLEBIT,H_03_025
P11,07523605105346198-HINGE.mp4,HINGE,G_03_041
P11,6671093574374458-WELCOME 2.mp4,WELCOME1,NA
P11,8561213740284288-BRAINWASH.mp4,BRAINWASH,E_01_030
P11,4694038380010297-POLICY.mp4,POLICY,J_03_063
P11,7074916148267218-TUESDAY.mp4,TUESDAY,J_03_087
P11,824925993024-NEAR.mp4,NEAR,G_01_014
P11,8859315854912684-DOUBLE.mp4,DOUBLE,H_03_084
P11,3482194493922337-UPSET.mp4,UPSET1,H_03_047
P11,8798665308948164-OPPORTUNITY.mp4,OPPORTUNITY,J_02_090
P11,5642142060594839-EARS UP.mp4,EARSUP,E_02_099
P11,03340483118865101-STOPWATCH.mp4,STOPWATCH,F_01_067
P11,5498937172585983-NOT.mp4,NOT,E_01_100
P11,9488552800734491-REDUCE.mp4,REDUCE,E_01_042
P11,642596596593267-ABSOLUTELY NOTHING.mp4,ABSOLUTELYNOTHING,J_01_027
P11,3708901017431334-DRESS UP.mp4,DRESSUP,J_03_057
P11,5507281096158352-SAUSAGE.mp4,SAUSAGE,F_03_088
P11,12067678994278608-STAND-UP.mp4,STAND-UP,J_03_070
P11,08889385924756965-ALL GONE.mp4,ALLGONE,J_03_021
P11,59013914002635-GUILLOTINE.mp4,GUILLOTINE1,F_01_093
P11,6274308348886377-HANDSOME.mp4,HANDSOME1,G_01_098
P11,13082051836249264-CHARGE.mp4,CHARGE,F_01_025
P11,7371290937689667-ELEVATOR 2.mp4,ELEVATOR2,E_03_072
P11,7181712901886621-HEARTBODY.mp4,HEARTBODY,H_02_063
P11,36997993085804426-CHURN.mp4,CHURN,E_01_046
P11,11852608841826529-COOL.mp4,COOL1,H_03_032
P11,5255590006865387-SHIRT.mp4,SHIRT1,A_01_028
P11,8260558148227279-PAPER.mp4,PAPER,A_01_026
P11,6239658112954449-POLICEMAN.mp4,POLICEMAN1,A_01_052
P11,6413538272167327-WOLF.mp4,WOLF,A_01_049
P11,058545320184334004-TURTLE.mp4,TURTLE,A_02_009
P11,04873611807534717-WANDER.mp4,WANDER,A_01_019
P11,5566091032070872-SURF.mp4,SURF,A_01_048
P11,40904578721726037-SANDALS.mp4,SANDALS,A_02_004
P11,9528734793967348-DRAWER.mp4,DRAWER,A_01_082
P11,8946235229173873-CHAIR.mp4,CHAIR,A_01_017
P11,9115807783945269-DEODORANT.mp4,DEODORANT,A_01_086
P11,6097217918654785-STUDENT.mp4,STUDENT,A_02_012
P11,5930244181951065-ROLLERSKATING.mp4,ROLLERSKATING,A_02_074
P11,8561671103002648-RIVER.mp4,RIVER1,A_03_035
P11,2322682546108159-DEER.mp4,DEER,A_03_060
P11,7511885523498509-PANTS.mp4,PANTS1,A_01_058
P11,5366182504904384-SWING.mp4,SWING1,A_02_018
P11,582216781283561-GORILLA.mp4,GORILLA,A_02_044
P11,7031444980318238-POPCORN.mp4,POPCORN,A_02_080
P11,9504248026228617-BRIDESMAID.mp4,BRIDESMAID,A_03_016
P11,7904508842351385-CAMPING.mp4,CAMPING,A_01_045
P11,8494371199011177-HAIR.mp4,HAIR1,A_02_056
P11,878623849872763-HOMEWORK.mp4,HOMEWORK,A_03_003
P11,12628412517702903-BLANKET.mp4,BLANKET,A_03_032
P11,7456413695560624-DOLPHIN.mp4,DOLPHIN1,A_03_057
P11,5194300131614089-MOON.mp4,MOON,A_01_036
P11,7628690918010339-COUNSELOR.mp4,COUNSELOR,B_01_005
P11,7865238854561849-DORMITORY.mp4,DORMITORY,A_01_059
P11,018113035376902342-SOAP.mp4,SOAP1,A_01_084
P11,15471776082886812-PILLOW.mp4,PILLOW1,A_02_019
P11,17890162917704333-BRUSH.mp4,BRUSH,A_01_072
P11,2509130783826534-HORSE.mp4,HORSE,A_01_029
P11,511284541107746-COFFEE.mp4,COFFEE,A_01_032
P11,2816414693549365-ISLAND.mp4,ISLAND,A_01_025
P11,15188395607243788-DIAPER.mp4,DIAPER,A_02_002
P11,6752655215904744-DUMB.mp4,DUMB,A_02_028
P11,9463590340765244-MOP.mp4,MOP1,A_02_090
P11,7511043498771284-HUMBLE.mp4,HUMBLE,A_01_009
P11,03324413261492598-ENGLISH.mp4,ENGLISH,A_01_011
P11,3308651160294551-TIE.mp4,TIE1,A_01_013
P11,45898798165574806-TABLE.mp4,TABLE,A_03_025
P11,833754648361658-POTATO.mp4,POTATO,A_03_050
P11,3143004022616842-ANGEL.mp4,ANGEL,A_03_085
P11,5946852732867232-CHEAT 1.mp4,CHEAT1,A_02_008
P11,6511898523979938-DANCER.mp4,DANCER,A_02_034
P11,6006817404078901-CEREAL.mp4,CEREAL,A_02_014
P11,8340037408893959-INSULT.mp4,INSULT,A_03_006
P11,4510092550123015-CAT.mp4,CAT1,A_01_023
P11,9969922454361897-SANDWICH.mp4,SANDWICH1,A_01_015
P11,3201019052016896-ROOM.mp4,ROOM,A_01_024
P11,20710970932159722-SCIENTIST.mp4,SCIENTIST,A_01_020
P11,028820095582815286-PROMISE.mp4,PROMISE,A_01_071
P11,13778041372550542-SPAGHETTI.mp4,SPAGHETTI,A_01_042
P11,6616007901072776-PLUNGER.mp4,PLUNGER,A_01_087
P11,4590150236991226-WINDMILL.mp4,WINDMILL1,A_02_048
P11,15619694962374364-SCISSORS.mp4,SCISSORS,A_01_038
P11,6952695911126667-CHANCE.mp4,CHANCE,A_03_080
P11,7963154374548216-RAZOR.mp4,RAZOR1,A_01_089
P11,6890310740123675-CURTAIN.mp4,CURTAIN,A_02_025
P11,2266583255544956-CLOUD 2.mp4,CLOUD2,A_01_077
P11,5986613755554655-BUTTER.mp4,BUTTER,A_01_034
P11,03681595683852357-BAKE 1.mp4,BAKE1,A_01_060
P11,23726464268400504-FRENCHFRIES.mp4,FRENCHFRIES,A_01_085
P11,4772159982398916-ORANGE.mp4,ORANGE,A_02_020
P11,5805219254809522-SURGEON.mp4,SURGEON,A_02_007
P11,5947869000625308-BOWLING.mp4,BOWLING1,A_02_003
P11,48843579399962134-CALENDAR.mp4,CALENDAR1,A_03_001
P11,4634793871854357-CLOWN.mp4,CLOWN,A_03_026
P11,2345813092417075-WITCH.mp4,WITCH1,A_03_018
P11,6328025695667769-MECHANIC.mp4,MECHANIC1,A_03_030
P11,7064024734125953-BIOLOGY.mp4,BIOLOGY,A_02_015
P11,6750975855511381-LIBRARY.mp4,LIBRARY,A_02_041
P11,2737970899611304-ICECREAM.mp4,ICECREAM,A_02_013
P11,9188061714648761-GUITAR.mp4,GUITAR,A_02_077
P11,6872786216928068-SSHH.mp4,SSHH,E_02_016
P11,08544657888370466-EGG BEATER.mp4,EGGBEATER,E_01_007
P11,6984138682782-TEAM.mp4,TEAM,E_01_071
P11,1783184424273636-WANT 2.mp4,WANT1,E_01_025
P11,4565859971790316-WALL.mp4,WALL,E_01_089
P11,5119282334789208-VITAMINS.mp4,VITAMINS,E_01_043
P11,2736169442307401-FILTER.mp4,FILTER,F_01_059
P11,8734142260896312-NAIL CLIPPER.mp4,NAILCLIPPER,E_01_077
P11,37788148488899465-GRENADE.mp4,GRENADE,E_02_010
P11,5529834352081968-LUNCH 2.mp4,LUNCH2,F_01_076
P11,3103454732606501-FRACTION.mp4,FRACTION,F_02_024
P11,23981911004958523-EACH.mp4,EACH,F_02_059
P11,22134973093380106-VIEW.mp4,VIEW,E_02_061
P11,3278258325976864-ENTER.mp4,ENTER,E_02_076
P11,985476122931447-FLUTE.mp4,FLUTE,E_02_036
P11,4213190561547959-WORK OUT.mp4,WORKOUT,E_02_092
P11,47278017028216834-STICKY.mp4,STICKY,F_02_089
P11,0132641007011296-CHASE.mp4,CHASE,F_03_017
P11,04625975589048403-SOCCER 2.mp4,SOCCER2,F_03_032
P11,4757153483688088-FALLING ASLEEP.mp4,FALLINGASLEEP,E_03_006
P11,7130338854330107-PULL CONVINCE.mp4,PULLCONVINCE,G_03_069
P11,6143464817909114-JOKE.mp4,JOKE,G_03_086
P11,8850753089929242-SOCIETY.mp4,SOCIETY,H_01_002
P11,06596525552681887-WATERDROP.mp4,WATERDROP,H_01_019
P11,16545894863628696-ANYONE.mp4,ANYONE,H_01_059
P11,6633812621771165-CEMETERY.mp4,CEMETERY,H_01_037
P11,07647560910038198-FAIL.mp4,FAIL,H_01_077
P11,3600619011149542-ALL OF_SUDDEN.mp4,ALLOFSUDDEN,H_01_096
P11,6368287846140164-LONG AGO.mp4,LONGAGO,J_01_026
P11,49490238825192145-BECOME.mp4,BECOME,H_02_008
P11,8560349682602961-UNCERTAIN.mp4,UNCERTAIN,H_02_020
P11,3832460739238146-SQUARE.mp4,SQUARE,J_01_060
P11,7549129897923001-EMPTY 2.mp4,EMPTY2,J_01_077
P11,060471392641291644-PACK.mp4,PACK,H_02_060
P11,8855403282228049-EACH OTHER.mp4,EACHOTHER,H_02_076
P11,42031753688696916-WILL GO.mp4,WILLGO,J_01_095
P11,5830997047644577-LAY DOWN.mp4,LAYDOWN,J_02_004
P11,1645499265090622-ALASKA.mp4,ALASKA,H_02_087
P11,3124141569501393-EVERY NIGHT.mp4,EVERYNIGHT,J_02_058
P11,2917800027202706-GET TOGETHER.mp4,GETTOGETHER,J_02_073
P11,9469327065533588-NOSE BLEED.mp4,NOSEBLEED,K_01_092
P11,38297683836300944-SHIRT 2.mp4,SHIRT2,K_01_108
P11,17469645932372257-BUMPY.mp4,BUMPY,K_01_123
P11,8657128715784657-SLIP 2.mp4,SLIP1,K_02_033
P11,6489262693704076-PILLOW 3.mp4,PILLOW3,K_02_049
P11,4949290451109545-SNEEZE 2.mp4,SNEEZE1,K_02_023
P11,6453492518600958-CLOCK 2.mp4,CLOCK1,K_02_038
P11,33009385149530224-STAND 2.mp4,STAND1,K_02_081
P11,48581939855988665-MEASURE 2.mp4,MEASURE2,K_02_054
P11,7784088703738878-FRISK.mp4,FRISK,K_02_070
P11,4479682553128841-DECLINE.mp4,DECLINE,F_01_001
P11,4193355542260486-DISCUSS.mp4,DISCUSS,E_03_081
P11,9386221281999578-ROBOT.mp4,ROBOT,F_01_034
P11,07276464876306732-EDGE.mp4,EDGE,E_03_099
P11,6764005311996097-ROUGH.mp4,ROUGH,F_01_028
P11,0925665600578458-PET.mp4,PET1,F_01_063
P11,7059080092964207-SIGNATURE.mp4,SIGNATURE,F_01_069
P11,8136548546361551-HEAVY.mp4,HEAVY,F_01_085
P11,9689405367063817-HURDLE-TRIP 2.mp4,HURDLE/TRIP2,F_02_012
P11,5187366674536722-PERSISTENT.mp4,PERSISTENT,E_01_078
P11,851571236685408-HEAR 1.mp4,HEAR1,E_01_097
P11,7747081742677988-STAND.mp4,STAND2,E_02_011
P11,7172635775819549-LESS.mp4,LESS,E_02_043
P11,08304463008695873-YOUNG.mp4,YOUNG,D_03_013
P11,739900911685067-IMPACT.mp4,IMPACT,D_02_051
P11,47363878041045804-INTERPRETER.mp4,INTERPRETER,D_02_066
P11,31623990234521737-EAGLE.mp4,EAGLE2,D_03_066
P11,4517114922798251-STUCK.mp4,STUCK,E_01_019
P11,40607361205585235-OH I_SEE.mp4,OHISEE,E_01_038
P11,6272998748464629-RAT.mp4,RAT,D_02_081
P11,6649765938406234-SHAME.mp4,SHAME,D_03_008
P11,02190805483366942-CIRCLE.mp4,CIRCLE,E_02_062
P11,6259007165174721-GLASS 1.mp4,GLASS2,E_01_090
P11,5118396817212023-PEANUT BUTTER.mp4,PEANUTBUTTER,E_02_077
P11,06273796188147096-BELT 2.mp4,BELT2,E_02_093
P11,5013937943572526-TODAY.mp4,TODAY,E_02_006
P11,45841253729060494-WEIGHT.mp4,WEIGHT,E_02_037
P11,8837833155927903-CHARGE CARD.mp4,CHARGECARD,E_02_056
P11,24053315227645844-OPEN WALLET.mp4,OPENWALLET,E_03_002
P11,3183808373264194-PLENTY.mp4,PLENTY,E_01_014
P11,6274360298041501-CHANGE.mp4,CHANGE,E_01_031
P11,5554393260268091-OBVIOUS.mp4,OBVIOUS,E_03_056
P11,34108762832657624-BEE 2.mp4,BEE2,E_03_018
P11,09879127419056166-SPRING.mp4,SPRING,E_03_074
P11,2323227067361031-CAPE.mp4,CAPE,F_01_004
P11,41027202980014454-BULLDOZER.mp4,BULLDOZER,E_01_083
P11,0645698995393158-IMMERSE.mp4,IMMERSE,E_02_032
P11,6698297759748775-WRAP.mp4,WRAP,E_02_050
P11,27076612545585044-PJS.mp4,PJS,E_03_102
P11,5474425797367763-LUNCH.mp4,LUNCH1,G_02_081
P11,2692983199020458-CUT REMOVE VID.mp4,CUTREMOVEVID,F_01_065
P11,6663256927195076-CONTACT LENS.mp4,CONTACTLENS,E_02_074
P11,042250449192111406-AUNT.mp4,AUNT,E_02_027
P11,8433127299775875-ELEVATOR.mp4,ELEVATOR1,G_03_036
P11,7030389556455687-ROAST.mp4,ROAST,J_02_038
P11,21373290562498437-CONSUME.mp4,CONSUME,J_01_101
P11,24170799560322576-SWEATPANTS.mp4,SWEATPANTS,F_02_042
P11,8671816030533883-ABBREVIATE.mp4,ABBREVIATE,G_01_040
P11,5183336828699083-SAUCE.mp4,SAUCE,F_01_054
P11,7924705832219399-DONT LIKE.mp4,DONTLIKE,F_01_033
P11,3828332832043566-ADD.mp4,ADD,E_02_030
P11,5550772247883256-GIVE UP.mp4,GIVEUP,H_03_028
P11,7207501157068423-TEND YOUR.mp4,TENDYOUR,G_03_032
P11,17005888495259858-WASH HANDS.mp4,WASHHANDS,F_01_056
P11,32179213426595377-SUSPEND.mp4,SUSPEND,H_01_016
P11,5356590751985963-BRIGHT.mp4,BRIGHT,F_03_028
P11,9429862699378568-ABOVE.mp4,ABOVE,NA
P11,4094908587558239-SPEND.mp4,SPEND,E_01_017
P11,4645184096299122-BARELY.mp4,BARELY,H_03_037
P11,7822576506245165-TEMPER BLOW UP.mp4,TEMPERBLOWUP,F_02_097
P11,5169308076395507-ALL DAY.mp4,ALLDAY,H_02_093
P11,1631249061677975-WHAT FOR 2.mp4,WHATFOR2,C_02_054
P11,46672836200734125-LIVING ROOM.mp4,LIVINGROOM,F_02_016
P11,12275159074736686-WINTER.mp4,WINTER,E_03_022
P11,2724935331311873-MOP 2.mp4,MOP2,K_02_064
P11,011558562815046303-LEFT.mp4,LEFT,J_03_103
P11,627416365016896-SCULPT.mp4,SCULPT,J_01_028
P11,6706142053601436-CLASH.mp4,CLASH,K_01_032
P11,1661850460782126-ANALYZE.mp4,ANALYZE,G_02_075
P11,06487061958198215-POP 2.mp4,POP3,K_01_049
P11,7251974301910058-VISITOR.mp4,VISITOR,J_01_097
P11,899520584794337-SOFA.mp4,SOFA,G_03_006
P11,37221639014187535-YAWN 4.mp4,YAWN2,K_01_110
P11,9451639427875718-DINNER 2.mp4,DINNER2,J_02_023
P11,6324879321927577-HUMMINGBIRD.mp4,HUMMINGBIRD,K_01_125
P11,8371566968754858-STAY AWAKE_24HRS.mp4,STAYAWAKE24HRS,J_02_060
P11,34430075224246837-BAG 2.mp4,BAG2,K_02_015
P11,9330596964805524-NETWORK.mp4,NETWORK,J_02_075
P11,675270362300989-DECORATE 2.mp4,DECORATE2,K_02_030
P11,06233162587166352-BITE.mp4,BITE1,K_02_045
P11,10706229743486251-SERVE 2.mp4,SERVE2,K_02_061
P11,7606263845397558-SHOUT.mp4,SHOUT1,J_03_005
P11,663186954952073-OPEN.mp4,OPEN,G_03_088
P11,958505613399073-DEAF SCHOOL.mp4,DEAFSCHOOL,H_01_022
P11,47737953692529755-SIDE.mp4,SIDE,J_03_055
P11,6168042750652751-LICENSE.mp4,LICENSE,K_02_125
P11,17673342717781515-LEAGUE.mp4,LEAGUE,H_01_092
P11,16555523752468826-DOCTOR 2.mp4,DOCTOR2,K_03_015
P11,4053146614885035-SKI-CA.mp4,SKI-CA,K_03_033
P11,541329340722899-TEAR RIP_2.mp4,TEARRIP2,K_03_050
P11,6081706349720712-PEG 2.mp4,PEG3,K_03_083
P11,40858825658837805-PUMPKIN.mp4,PUMPKIN,H_02_056
P11,4544894332729774-ATTITUDE.mp4,ATTITUDE,J_03_091
P11,08461693640291235-ADDICT.mp4,ADDICT,H_02_073
P11,7759893655789438-FOURTH.mp4,FOURTH,H_03_004
P11,35017338898972916-POOP.mp4,POOP,H_03_072
P11,9672662936672356-WRISTWATCH 3.mp4,WRISTWATCH2,K_01_054
P11,31069390622290594-RECENT.mp4,RECENT1,H_03_090
P11,003813808425890741-FEEDBACK.mp4,FEEDBACK,J_01_002
P11,8281252882635912-LOSE GAME.mp4,LOSEGAME,C_02_009
P11,6868778695018762-1 DOLLAR.mp4,1DOLLAR,C_02_025
P11,021556826313706923-PUNISH.mp4,PUNISH,C_02_041
P11,9125220137791183-ERASE 3.mp4,ERASE3,K_01_099
P11,10175391790869592-GLASS 2.mp4,GLASS3,K_01_115
P11,3704890704892063-HARD OF_HEARING.mp4,HARDOFHEARING,J_01_050
P11,7019693151215298-TRIP 1.mp4,TRIP1,K_02_020
P11,943651944665808-REGULAR.mp4,REGULAR,J_01_067
P11,6908365466533763-WASH MACHINE.mp4,WASHMACHINE,C_02_057
P11,8665446917724002-FEED 2.mp4,FEED1,K_02_035
P11,3762564161070481-WINDMILL 3.mp4,WINDMILL3,K_02_051
P11,06370007805068068-EITHER.mp4,EITHER,J_01_085
P11,5997001138600841-BRAINSTORM.mp4,BRAINSTORM,J_01_103
P11,8057793437727574-LOCK 3.mp4,LOCK3,K_02_067
P11,6057696090397451-SOMERSAULT.mp4,SOMERSAULT3,J_02_012
P11,10799793468785168-INEPT.mp4,INEPT,J_02_032
P11,14320570582347636-SUPERIOR.mp4,SUPERIOR,J_02_065
P11,7362190863341873-SAME SAME.mp4,SAMESAME,J_02_081
P11,49016125074467864-FLASHLIGHT 1.mp4,FLASHLIGHT4,K_02_099
P11,2065252407089817-POP 3.mp4,POP4,K_02_115
P11,8232402604425779-FAST.mp4,FAST,C_03_016
P11,6808339541507917-IMAGINE 2.mp4,IMAGINE2,K_03_020
P11,4752874450770541-CURTSEY 2.mp4,CURTSEY1,K_03_038
P11,7779254701123031-SCOOP.mp4,SCOOP,J_03_044
P11,27783930381911026-CHRISTMAS 2.mp4,CHRISTMAS2,J_03_061
P11,4303532604547715-UNDERGRADUATE.mp4,UNDERGRADUATE,J_03_079
P11,3599080715750347-ASSEMBLY.mp4,ASSEMBLY,J_03_096
P11,29696728844140496-SNOWBOARD.mp4,SNOWBOARD,K_01_025
P11,6096328091528098-PARACHUTE 3.mp4,PARACHUTE3,K_01_059
P11,9873887850693488-CRY 3.mp4,CRY4,K_02_040
P11,32349822693084684-METAPHOR.mp4,METAPHOR,D_02_059
P11,7540198421728359-FOLD 2.mp4,FOLD2,K_02_072
P11,01166687075945494-BATTERY.mp4,BATTERY,D_02_089
P11,4958280251317906-THINK.mp4,THINK,C_03_053
P11,9399660730616091-PLOW 2.mp4,PLOW2,K_02_089
P11,8041984480818758-SCARF 4.mp4,SCARF2,K_02_120
P11,8530024596631476-DENTIST 2.mp4,DENTIST2,K_03_027
P11,8343174002710221-WINE.mp4,WINE,D_01_015
P11,9931423472714851-JAPAN.mp4,JAPAN,D_01_046
P11,8659307742747842-LOSE.mp4,LOSE,D_03_064
P11,8336188721161506-WRISTWATCH 2.mp4,WRISTWATCH3,K_03_044
P11,5840138666986259-INTRODUCE.mp4,INTRODUCE,D_01_076
P11,4195538303322843-MEDITATE 2.mp4,MEDITATE3,K_03_061
P11,004863715759637621-HELMET.mp4,HELMET1,D_02_034
P11,12328084007635987-DROWN 4.mp4,DROWN5,K_03_077
P11,8837789517451073-ERASE 5.mp4,ERASE4,K_03_095
P11,5658128989956679-WINK.mp4,WINK,D_03_094
P11,7551574551469287-CASTLE 4.mp4,CASTLE4,K_03_110
P11,8096624241935726-BRAIDS.mp4,BRAIDS,K_03_125
P11,9951505122741806-BEHAVIOR.mp4,BEHAVIOR,C_02_036
P11,5384324732130294-WHAT 2.mp4,WHAT1,D_02_094
P11,8956145516727172-CATEGORY.mp4,CATEGORY,E_01_034
P11,6707995862163205-RAKE.mp4,RAKE,D_03_021
P11,8856355259408639-ZERO.mp4,ZERO,D_03_036
P11,3924776005720294-STEP.mp4,STEP,E_01_070
P11,7949328908727795-FASCINATED.mp4,FASCINATED,E_01_087
P11,5965718715557611-MISUNDERSTAND.mp4,MISUNDERSTAND,C_03_027
P11,8812372496724237-HOLD TOGETHER.mp4,HOLDTOGETHER,E_02_003
P11,4354778887082549-COME OUT.mp4,COMEOUT,E_02_020
P11,19241885838645456-VACUUM.mp4,VACUUM,D_03_084
P11,9740901366050445-HOSE.mp4,HOSE,E_02_054
P11,3949331121606712-GRASP.mp4,GRASP,E_01_006
P11,5315083971579322-THROW AWAY.mp4,THROWAWAY,E_02_070
P11,826349513489413-COME.mp4,COME,C_03_074
P11,41981255125221795-WRITE.mp4,WRITE,D_01_051
P11,9796359958819114-SCRUB.mp4,SCRUB,E_02_086
P11,8901031558158694-BLOND.mp4,BLOND,E_02_102
P11,7384184677584329-WAND.mp4,WAND,E_03_016
P11,9195230998265058-LIGHTS ON.mp4,LIGHTSON,E_03_066
P11,6302282449766894-REQUEST.mp4,REQUEST,E_01_024
P11,6066152778119174-BACHELOR.mp4,BACHELOR,E_01_059
P11,22436463006068563-GRIEVE.mp4,GRIEVE,E_03_100
P11,7239075595215871-PUT IN_BACK_MIND.mp4,PUTINBACKMIND,E_01_076
P11,87014144499279-SEND.mp4,SEND,E_02_009
P11,6602125977074413-CROCODILE.mp4,CROCODILE,D_01_081
P11,1329928844357422-LUCKY.mp4,LUCKY,D_02_008
P11,5523732148801443-THINK OVER.mp4,THINKOVER,D_02_054
P11,2612207797949184-LIGHTNING.mp4,LIGHTNING,D_02_069
P11,36480188630020804-FOREVER 2.mp4,FOREVER2,E_02_025
P11,3288526883034957-WHAT 1.mp4,WHAT2,D_02_084
P11,8391242573055968-GAY.mp4,GAY,D_03_011
P11,562887158405804-PRIEST.mp4,PRIEST,D_03_026
P11,19913252785335378-WINDOW OPEN.mp4,WINDOWOPEN,E_02_075
P11,2457770392594112-SPECIFIC.mp4,SPECIFIC,E_02_091
P11,8633626998344772-BUY.mp4,BUY,D_03_074
P11,8769838689419707-FORBID.mp4,FORBID,D_03_089
P11,5590287135710308-HALL.mp4,HALL,F_01_097
P11,08706109349096014-FORK.mp4,FORK3,E_01_049
P11,7626633097341817-TOY 1.mp4,TOY3,E_01_064
P11,2677668389870307-FINANCE.mp4,FINANCE,F_02_047
P11,5976389024641962-POUR.mp4,POUR2,F_02_063
P11,277411898657703-HATE.mp4,HATE,F_02_078
P11,4639932424955264-MEAT 2.mp4,MEAT2,F_03_021
P11,0011630064357184278-WOW.mp4,WOW,F_01_002
P11,4841974561479794-COWBOY.mp4,COWBOY,F_01_018
P11,852376127858246-THIS-IT.mp4,THIS/IT,F_01_035
P11,5975808302833776-GAMBLE.mp4,GAMBLE,F_01_051
P11,3180655004727133-WASH DISHES.mp4,WASHDISHES,F_01_070
P11,9099190157347956-STRAIGHT.mp4,STRAIGHT,E_01_081
P11,34800468447369326-STATE.mp4,STATE,F_01_086
P11,22634562909291156-EVEN.mp4,EVEN,F_03_057
P11,8798164800110311-DEPTH.mp4,DEPTH,F_02_018
P11,7344565755386858-DRESSER.mp4,DRESSER,F_03_075
P11,10586274190637979-TURBAN.mp4,TURBAN,F_03_090
P11,6497308488544071-HIGHLIGHTER.mp4,HIGHLIGHTER,G_01_020
P11,30127429257948557-MOTIVATION 1.mp4,MOTIVATION2,E_02_047
P11,21240668799627316-TTY.mp4,TTY,G_01_035
P11,1326140087437322-MICROSCOPE 2.mp4,MICROSCOPE3,F_02_053
P11,28320027997854536-EXPECT.mp4,EXPECT,F_02_068
P11,41101870221750536-SUPPORT 1.mp4,SUPPORT2,G_01_052
P11,5620411900652129-NOTHING 2.mp4,NOTHING2,E_02_065
P11,4060122951922174-AUTISM.mp4,AUTISM1,F_03_011
P40,06436839257903171-FORMER.mp4,FORMER,J_02_066
P40,48244638878087853-SECRET.mp4,SECRET,C_03_076
P40,7914969176922233-PLAIN.mp4,PLAIN,E_03_079
P40,6331525637033375-LIPREAD.mp4,LIPREAD,E_03_047
P40,3017633228385066-FINGER.mp4,FINGER,G_02_097
P40,7310198714610268-CHILD.mp4,CHILD,F_03_101
P40,541968612173908-AUTISM 2.mp4,AUTISM2,K_01_040
P37,7006603779204794-BITCH.mp4,BITCH,H_01_058
P37,8100807822297282-TALK DIRTY.mp4,TALKDIRTY,H_02_046
